race_id,season,round,race_name,race_date,circuit_id,driver_id,driver_code,given_name,family_name,constructor_id,constructor_name,grid,finish_position,points,status
2021_1,2021,1,Bahrain Grand Prix,2021-03-28,bahrain,hamilton,HAM,Lewis,Hamilton,mercedes,Mercedes,2,1,25.0,Finished
2021_1,2021,1,Bahrain Grand Prix,2021-03-28,bahrain,max_verstappen,VER,Max,Verstappen,red_bull,Red Bull,1,2,18.0,Finished
2021_1,2021,1,Bahrain Grand Prix,2021-03-28,bahrain,bottas,BOT,Valtteri,Bottas,mercedes,Mercedes,3,3,16.0,Finished
2021_1,2021,1,Bahrain Grand Prix,2021-03-28,bahrain,norris,NOR,Lando,Norris,mclaren,McLaren,7,4,12.0,Finished
2021_1,2021,1,Bahrain Grand Prix,2021-03-28,bahrain,perez,PER,Sergio,Pérez,red_bull,Red Bull,0,5,10.0,Finished
2021_1,2021,1,Bahrain Grand Prix,2021-03-28,bahrain,leclerc,LEC,Charles,Leclerc,ferrari,Ferrari,4,6,8.0,Finished
2021_1,2021,1,Bahrain Grand Prix,2021-03-28,bahrain,ricciardo,RIC,Daniel,Ricciardo,mclaren,McLaren,6,7,6.0,Finished
2021_1,2021,1,Bahrain Grand Prix,2021-03-28,bahrain,sainz,SAI,Carlos,Sainz,ferrari,Ferrari,8,8,4.0,Finished
2021_1,2021,1,Bahrain Grand Prix,2021-03-28,bahrain,tsunoda,TSU,Yuki,Tsunoda,alphatauri,AlphaTauri,13,9,2.0,Finished
2021_1,2021,1,Bahrain Grand Prix,2021-03-28,bahrain,stroll,STR,Lance,Stroll,aston_martin,Aston Martin,10,10,1.0,Finished
2021_1,2021,1,Bahrain Grand Prix,2021-03-28,bahrain,raikkonen,RAI,Kimi,Räikkönen,alfa,Alfa Romeo,14,11,0.0,Finished
2021_1,2021,1,Bahrain Grand Prix,2021-03-28,bahrain,giovinazzi,GIO,Antonio,Giovinazzi,alfa,Alfa Romeo,12,12,0.0,+1 Lap
2021_1,2021,1,Bahrain Grand Prix,2021-03-28,bahrain,ocon,OCO,Esteban,Ocon,alpine,Alpine F1 Team,16,13,0.0,+1 Lap
2021_1,2021,1,Bahrain Grand Prix,2021-03-28,bahrain,russell,RUS,George,Russell,williams,Williams,15,14,0.0,+1 Lap
2021_1,2021,1,Bahrain Grand Prix,2021-03-28,bahrain,vettel,VET,Sebastian,Vettel,aston_martin,Aston Martin,20,15,0.0,+1 Lap
2021_1,2021,1,Bahrain Grand Prix,2021-03-28,bahrain,mick_schumacher,MSC,Mick,Schumacher,haas,Haas F1 Team,18,16,0.0,+1 Lap
2021_1,2021,1,Bahrain Grand Prix,2021-03-28,bahrain,gasly,GAS,Pierre,Gasly,alphatauri,AlphaTauri,5,17,0.0,Retired
2021_1,2021,1,Bahrain Grand Prix,2021-03-28,bahrain,latifi,LAT,Nicholas,Latifi,williams,Williams,17,18,0.0,Retired
2021_1,2021,1,Bahrain Grand Prix,2021-03-28,bahrain,alonso,ALO,Fernando,Alonso,alpine,Alpine F1 Team,9,19,0.0,Brakes
2021_1,2021,1,Bahrain Grand Prix,2021-03-28,bahrain,mazepin,MAZ,Nikita,Mazepin,haas,Haas F1 Team,19,20,0.0,Accident
2021_2,2021,2,Emilia Romagna Grand Prix,2021-04-18,imola,max_verstappen,VER,Max,Verstappen,red_bull,Red Bull,3,1,25.0,Finished
2021_2,2021,2,Emilia Romagna Grand Prix,2021-04-18,imola,hamilton,HAM,Lewis,Hamilton,mercedes,Mercedes,1,2,19.0,Finished
2021_2,2021,2,Emilia Romagna Grand Prix,2021-04-18,imola,norris,NOR,Lando,Norris,mclaren,McLaren,7,3,15.0,Finished
2021_2,2021,2,Emilia Romagna Grand Prix,2021-04-18,imola,leclerc,LEC,Charles,Leclerc,ferrari,Ferrari,4,4,12.0,Finished
2021_2,2021,2,Emilia Romagna Grand Prix,2021-04-18,imola,sainz,SAI,Carlos,Sainz,ferrari,Ferrari,11,5,10.0,Finished
2021_2,2021,2,Emilia Romagna Grand Prix,2021-04-18,imola,ricciardo,RIC,Daniel,Ricciardo,mclaren,McLaren,6,6,8.0,Finished
2021_2,2021,2,Emilia Romagna Grand Prix,2021-04-18,imola,gasly,GAS,Pierre,Gasly,alphatauri,AlphaTauri,5,7,6.0,Finished
2021_2,2021,2,Emilia Romagna Grand Prix,2021-04-18,imola,stroll,STR,Lance,Stroll,aston_martin,Aston Martin,10,8,4.0,Finished
2021_2,2021,2,Emilia Romagna Grand Prix,2021-04-18,imola,ocon,OCO,Esteban,Ocon,alpine,Alpine F1 Team,9,9,2.0,Finished
2021_2,2021,2,Emilia Romagna Grand Prix,2021-04-18,imola,alonso,ALO,Fernando,Alonso,alpine,Alpine F1 Team,15,10,1.0,Finished
2021_2,2021,2,Emilia Romagna Grand Prix,2021-04-18,imola,perez,PER,Sergio,Pérez,red_bull,Red Bull,2,11,0.0,Finished
2021_2,2021,2,Emilia Romagna Grand Prix,2021-04-18,imola,tsunoda,TSU,Yuki,Tsunoda,alphatauri,AlphaTauri,20,12,0.0,Finished
2021_2,2021,2,Emilia Romagna Grand Prix,2021-04-18,imola,raikkonen,RAI,Kimi,Räikkönen,alfa,Alfa Romeo,16,13,0.0,Finished
2021_2,2021,2,Emilia Romagna Grand Prix,2021-04-18,imola,giovinazzi,GIO,Antonio,Giovinazzi,alfa,Alfa Romeo,17,14,0.0,+1 Lap
2021_2,2021,2,Emilia Romagna Grand Prix,2021-04-18,imola,vettel,VET,Sebastian,Vettel,aston_martin,Aston Martin,0,15,0.0,Gearbox
2021_2,2021,2,Emilia Romagna Grand Prix,2021-04-18,imola,mick_schumacher,MSC,Mick,Schumacher,haas,Haas F1 Team,18,16,0.0,+2 Laps
2021_2,2021,2,Emilia Romagna Grand Prix,2021-04-18,imola,mazepin,MAZ,Nikita,Mazepin,haas,Haas F1 Team,19,17,0.0,+2 Laps
2021_2,2021,2,Emilia Romagna Grand Prix,2021-04-18,imola,bottas,BOT,Valtteri,Bottas,mercedes,Mercedes,8,18,0.0,Collision
2021_2,2021,2,Emilia Romagna Grand Prix,2021-04-18,imola,russell,RUS,George,Russell,williams,Williams,12,19,0.0,Collision
2021_2,2021,2,Emilia Romagna Grand Prix,2021-04-18,imola,latifi,LAT,Nicholas,Latifi,williams,Williams,14,20,0.0,Collision
2021_3,2021,3,Portuguese Grand Prix,2021-05-02,portimao,hamilton,HAM,Lewis,Hamilton,mercedes,Mercedes,2,1,25.0,Finished
2021_3,2021,3,Portuguese Grand Prix,2021-05-02,portimao,max_verstappen,VER,Max,Verstappen,red_bull,Red Bull,3,2,18.0,Finished
2021_3,2021,3,Portuguese Grand Prix,2021-05-02,portimao,bottas,BOT,Valtteri,Bottas,mercedes,Mercedes,1,3,16.0,Finished
2021_3,2021,3,Portuguese Grand Prix,2021-05-02,portimao,perez,PER,Sergio,Pérez,red_bull,Red Bull,4,4,12.0,Finished
2021_3,2021,3,Portuguese Grand Prix,2021-05-02,portimao,norris,NOR,Lando,Norris,mclaren,McLaren,7,5,10.0,Finished
2021_3,2021,3,Portuguese Grand Prix,2021-05-02,portimao,leclerc,LEC,Charles,Leclerc,ferrari,Ferrari,8,6,8.0,Finished
2021_3,2021,3,Portuguese Grand Prix,2021-05-02,portimao,ocon,OCO,Esteban,Ocon,alpine,Alpine F1 Team,6,7,6.0,Finished
2021_3,2021,3,Portuguese Grand Prix,2021-05-02,portimao,alonso,ALO,Fernando,Alonso,alpine,Alpine F1 Team,13,8,4.0,Finished
2021_3,2021,3,Portuguese Grand Prix,2021-05-02,portimao,ricciardo,RIC,Daniel,Ricciardo,mclaren,McLaren,16,9,2.0,Finished
2021_3,2021,3,Portuguese Grand Prix,2021-05-02,portimao,gasly,GAS,Pierre,Gasly,alphatauri,AlphaTauri,9,10,1.0,Finished
2021_3,2021,3,Portuguese Grand Prix,2021-05-02,portimao,sainz,SAI,Carlos,Sainz,ferrari,Ferrari,5,11,0.0,Finished
2021_3,2021,3,Portuguese Grand Prix,2021-05-02,portimao,giovinazzi,GIO,Antonio,Giovinazzi,alfa,Alfa Romeo,12,12,0.0,+1 Lap
2021_3,2021,3,Portuguese Grand Prix,2021-05-02,portimao,vettel,VET,Sebastian,Vettel,aston_martin,Aston Martin,10,13,0.0,+1 Lap
2021_3,2021,3,Portuguese Grand Prix,2021-05-02,portimao,stroll,STR,Lance,Stroll,aston_martin,Aston Martin,17,14,0.0,+1 Lap
2021_3,2021,3,Portuguese Grand Prix,2021-05-02,portimao,tsunoda,TSU,Yuki,Tsunoda,alphatauri,AlphaTauri,14,15,0.0,+1 Lap
2021_3,2021,3,Portuguese Grand Prix,2021-05-02,portimao,russell,RUS,George,Russell,williams,Williams,11,16,0.0,+1 Lap
2021_3,2021,3,Portuguese Grand Prix,2021-05-02,portimao,mick_schumacher,MSC,Mick,Schumacher,haas,Haas F1 Team,19,17,0.0,+2 Laps
2021_3,2021,3,Portuguese Grand Prix,2021-05-02,portimao,latifi,LAT,Nicholas,Latifi,williams,Williams,18,18,0.0,+2 Laps
2021_3,2021,3,Portuguese Grand Prix,2021-05-02,portimao,mazepin,MAZ,Nikita,Mazepin,haas,Haas F1 Team,20,19,0.0,+2 Laps
2021_3,2021,3,Portuguese Grand Prix,2021-05-02,portimao,raikkonen,RAI,Kimi,Räikkönen,alfa,Alfa Romeo,15,20,0.0,Collision damage
2021_4,2021,4,Spanish Grand Prix,2021-05-09,catalunya,hamilton,HAM,Lewis,Hamilton,mercedes,Mercedes,1,1,25.0,Finished
2021_4,2021,4,Spanish Grand Prix,2021-05-09,catalunya,max_verstappen,VER,Max,Verstappen,red_bull,Red Bull,2,2,19.0,Finished
2021_4,2021,4,Spanish Grand Prix,2021-05-09,catalunya,bottas,BOT,Valtteri,Bottas,mercedes,Mercedes,3,3,15.0,Finished
2021_4,2021,4,Spanish Grand Prix,2021-05-09,catalunya,leclerc,LEC,Charles,Leclerc,ferrari,Ferrari,4,4,12.0,Finished
2021_4,2021,4,Spanish Grand Prix,2021-05-09,catalunya,perez,PER,Sergio,Pérez,red_bull,Red Bull,8,5,10.0,Finished
2021_4,2021,4,Spanish Grand Prix,2021-05-09,catalunya,ricciardo,RIC,Daniel,Ricciardo,mclaren,McLaren,7,6,8.0,Finished
2021_4,2021,4,Spanish Grand Prix,2021-05-09,catalunya,sainz,SAI,Carlos,Sainz,ferrari,Ferrari,6,7,6.0,Finished
2021_4,2021,4,Spanish Grand Prix,2021-05-09,catalunya,norris,NOR,Lando,Norris,mclaren,McLaren,9,8,4.0,+1 Lap
2021_4,2021,4,Spanish Grand Prix,2021-05-09,catalunya,ocon,OCO,Esteban,Ocon,alpine,Alpine F1 Team,5,9,2.0,+1 Lap
2021_4,2021,4,Spanish Grand Prix,2021-05-09,catalunya,gasly,GAS,Pierre,Gasly,alphatauri,AlphaTauri,12,10,1.0,+1 Lap
2021_4,2021,4,Spanish Grand Prix,2021-05-09,catalunya,stroll,STR,Lance,Stroll,aston_martin,Aston Martin,11,11,0.0,+1 Lap
2021_4,2021,4,Spanish Grand Prix,2021-05-09,catalunya,raikkonen,RAI,Kimi,Räikkönen,alfa,Alfa Romeo,17,12,0.0,+1 Lap
2021_4,2021,4,Spanish Grand Prix,2021-05-09,catalunya,vettel,VET,Sebastian,Vettel,aston_martin,Aston Martin,13,13,0.0,+1 Lap
2021_4,2021,4,Spanish Grand Prix,2021-05-09,catalunya,russell,RUS,George,Russell,williams,Williams,15,14,0.0,+1 Lap
2021_4,2021,4,Spanish Grand Prix,2021-05-09,catalunya,giovinazzi,GIO,Antonio,Giovinazzi,alfa,Alfa Romeo,14,15,0.0,+1 Lap
2021_4,2021,4,Spanish Grand Prix,2021-05-09,catalunya,latifi,LAT,Nicholas,Latifi,williams,Williams,19,16,0.0,+1 Lap
2021_4,2021,4,Spanish Grand Prix,2021-05-09,catalunya,alonso,ALO,Fernando,Alonso,alpine,Alpine F1 Team,10,17,0.0,+1 Lap
2021_4,2021,4,Spanish Grand Prix,2021-05-09,catalunya,mick_schumacher,MSC,Mick,Schumacher,haas,Haas F1 Team,18,18,0.0,+2 Laps
2021_4,2021,4,Spanish Grand Prix,2021-05-09,catalunya,mazepin,MAZ,Nikita,Mazepin,haas,Haas F1 Team,20,19,0.0,+2 Laps
2021_4,2021,4,Spanish Grand Prix,2021-05-09,catalunya,tsunoda,TSU,Yuki,Tsunoda,alphatauri,AlphaTauri,16,20,0.0,Electrical
2021_5,2021,5,Monaco Grand Prix,2021-05-23,monaco,max_verstappen,VER,Max,Verstappen,red_bull,Red Bull,2,1,25.0,Finished
2021_5,2021,5,Monaco Grand Prix,2021-05-23,monaco,sainz,SAI,Carlos,Sainz,ferrari,Ferrari,4,2,18.0,Finished
2021_5,2021,5,Monaco Grand Prix,2021-05-23,monaco,norris,NOR,Lando,Norris,mclaren,McLaren,5,3,15.0,Finished
2021_5,2021,5,Monaco Grand Prix,2021-05-23,monaco,perez,PER,Sergio,Pérez,red_bull,Red Bull,9,4,12.0,Finished
2021_5,2021,5,Monaco Grand Prix,2021-05-23,monaco,vettel,VET,Sebastian,Vettel,aston_martin,Aston Martin,8,5,10.0,Finished
2021_5,2021,5,Monaco Grand Prix,2021-05-23,monaco,gasly,GAS,Pierre,Gasly,alphatauri,AlphaTauri,6,6,8.0,Finished
2021_5,2021,5,Monaco Grand Prix,2021-05-23,monaco,hamilton,HAM,Lewis,Hamilton,mercedes,Mercedes,7,7,7.0,Finished
2021_5,2021,5,Monaco Grand Prix,2021-05-23,monaco,stroll,STR,Lance,Stroll,aston_martin,Aston Martin,13,8,4.0,+1 Lap
2021_5,2021,5,Monaco Grand Prix,2021-05-23,monaco,ocon,OCO,Esteban,Ocon,alpine,Alpine F1 Team,11,9,2.0,+1 Lap
2021_5,2021,5,Monaco Grand Prix,2021-05-23,monaco,giovinazzi,GIO,Antonio,Giovinazzi,alfa,Alfa Romeo,10,10,1.0,+1 Lap
2021_5,2021,5,Monaco Grand Prix,2021-05-23,monaco,raikkonen,RAI,Kimi,Räikkönen,alfa,Alfa Romeo,14,11,0.0,+1 Lap
2021_5,2021,5,Monaco Grand Prix,2021-05-23,monaco,ricciardo,RIC,Daniel,Ricciardo,mclaren,McLaren,12,12,0.0,+1 Lap
2021_5,2021,5,Monaco Grand Prix,2021-05-23,monaco,alonso,ALO,Fernando,Alonso,alpine,Alpine F1 Team,17,13,0.0,+1 Lap
2021_5,2021,5,Monaco Grand Prix,2021-05-23,monaco,russell,RUS,George,Russell,williams,Williams,15,14,0.0,+1 Lap
2021_5,2021,5,Monaco Grand Prix,2021-05-23,monaco,latifi,LAT,Nicholas,Latifi,williams,Williams,18,15,0.0,+1 Lap
2021_5,2021,5,Monaco Grand Prix,2021-05-23,monaco,tsunoda,TSU,Yuki,Tsunoda,alphatauri,AlphaTauri,16,16,0.0,+1 Lap
2021_5,2021,5,Monaco Grand Prix,2021-05-23,monaco,mazepin,MAZ,Nikita,Mazepin,haas,Haas F1 Team,19,17,0.0,+3 Laps
2021_5,2021,5,Monaco Grand Prix,2021-05-23,monaco,mick_schumacher,MSC,Mick,Schumacher,haas,Haas F1 Team,20,18,0.0,+3 Laps
2021_5,2021,5,Monaco Grand Prix,2021-05-23,monaco,bottas,BOT,Valtteri,Bottas,mercedes,Mercedes,3,19,0.0,Wheel nut
2021_5,2021,5,Monaco Grand Prix,2021-05-23,monaco,leclerc,LEC,Charles,Leclerc,ferrari,Ferrari,1,20,0.0,Driveshaft
2021_6,2021,6,Azerbaijan Grand Prix,2021-06-06,baku,perez,PER,Sergio,Pérez,red_bull,Red Bull,6,1,25.0,Finished
2021_6,2021,6,Azerbaijan Grand Prix,2021-06-06,baku,vettel,VET,Sebastian,Vettel,aston_martin,Aston Martin,11,2,18.0,Finished
2021_6,2021,6,Azerbaijan Grand Prix,2021-06-06,baku,gasly,GAS,Pierre,Gasly,alphatauri,AlphaTauri,4,3,15.0,Finished
2021_6,2021,6,Azerbaijan Grand Prix,2021-06-06,baku,leclerc,LEC,Charles,Leclerc,ferrari,Ferrari,1,4,12.0,Finished
2021_6,2021,6,Azerbaijan Grand Prix,2021-06-06,baku,norris,NOR,Lando,Norris,mclaren,McLaren,9,5,10.0,Finished
2021_6,2021,6,Azerbaijan Grand Prix,2021-06-06,baku,alonso,ALO,Fernando,Alonso,alpine,Alpine F1 Team,8,6,8.0,Finished
2021_6,2021,6,Azerbaijan Grand Prix,2021-06-06,baku,tsunoda,TSU,Yuki,Tsunoda,alphatauri,AlphaTauri,7,7,6.0,Finished
2021_6,2021,6,Azerbaijan Grand Prix,2021-06-06,baku,sainz,SAI,Carlos,Sainz,ferrari,Ferrari,5,8,4.0,Finished
2021_6,2021,6,Azerbaijan Grand Prix,2021-06-06,baku,ricciardo,RIC,Daniel,Ricciardo,mclaren,McLaren,13,9,2.0,Finished
2021_6,2021,6,Azerbaijan Grand Prix,2021-06-06,baku,raikkonen,RAI,Kimi,Räikkönen,alfa,Alfa Romeo,14,10,1.0,Finished
2021_6,2021,6,Azerbaijan Grand Prix,2021-06-06,baku,giovinazzi,GIO,Antonio,Giovinazzi,alfa,Alfa Romeo,20,11,0.0,Finished
2021_6,2021,6,Azerbaijan Grand Prix,2021-06-06,baku,bottas,BOT,Valtteri,Bottas,mercedes,Mercedes,10,12,0.0,Finished
2021_6,2021,6,Azerbaijan Grand Prix,2021-06-06,baku,mick_schumacher,MSC,Mick,Schumacher,haas,Haas F1 Team,17,13,0.0,Finished
2021_6,2021,6,Azerbaijan Grand Prix,2021-06-06,baku,mazepin,MAZ,Nikita,Mazepin,haas,Haas F1 Team,18,14,0.0,Finished
2021_6,2021,6,Azerbaijan Grand Prix,2021-06-06,baku,hamilton,HAM,Lewis,Hamilton,mercedes,Mercedes,2,15,0.0,Finished
2021_6,2021,6,Azerbaijan Grand Prix,2021-06-06,baku,latifi,LAT,Nicholas,Latifi,williams,Williams,16,16,0.0,Finished
2021_6,2021,6,Azerbaijan Grand Prix,2021-06-06,baku,russell,RUS,George,Russell,williams,Williams,15,17,0.0,Gearbox
2021_6,2021,6,Azerbaijan Grand Prix,2021-06-06,baku,max_verstappen,VER,Max,Verstappen,red_bull,Red Bull,3,18,0.0,Accident
2021_6,2021,6,Azerbaijan Grand Prix,2021-06-06,baku,stroll,STR,Lance,Stroll,aston_martin,Aston Martin,19,19,0.0,Accident
2021_6,2021,6,Azerbaijan Grand Prix,2021-06-06,baku,ocon,OCO,Esteban,Ocon,alpine,Alpine F1 Team,12,20,0.0,Turbo
2021_7,2021,7,French Grand Prix,2021-06-20,ricard,max_verstappen,VER,Max,Verstappen,red_bull,Red Bull,1,1,26.0,Finished
2021_7,2021,7,French Grand Prix,2021-06-20,ricard,hamilton,HAM,Lewis,Hamilton,mercedes,Mercedes,2,2,18.0,Finished
2021_7,2021,7,French Grand Prix,2021-06-20,ricard,perez,PER,Sergio,Pérez,red_bull,Red Bull,4,3,15.0,Finished
2021_7,2021,7,French Grand Prix,2021-06-20,ricard,bottas,BOT,Valtteri,Bottas,mercedes,Mercedes,3,4,12.0,Finished
2021_7,2021,7,French Grand Prix,2021-06-20,ricard,norris,NOR,Lando,Norris,mclaren,McLaren,8,5,10.0,Finished
2021_7,2021,7,French Grand Prix,2021-06-20,ricard,ricciardo,RIC,Daniel,Ricciardo,mclaren,McLaren,10,6,8.0,Finished
2021_7,2021,7,French Grand Prix,2021-06-20,ricard,gasly,GAS,Pierre,Gasly,alphatauri,AlphaTauri,6,7,6.0,Finished
2021_7,2021,7,French Grand Prix,2021-06-20,ricard,alonso,ALO,Fernando,Alonso,alpine,Alpine F1 Team,9,8,4.0,Finished
2021_7,2021,7,French Grand Prix,2021-06-20,ricard,vettel,VET,Sebastian,Vettel,aston_martin,Aston Martin,12,9,2.0,Finished
2021_7,2021,7,French Grand Prix,2021-06-20,ricard,stroll,STR,Lance,Stroll,aston_martin,Aston Martin,19,10,1.0,Finished
2021_7,2021,7,French Grand Prix,2021-06-20,ricard,sainz,SAI,Carlos,Sainz,ferrari,Ferrari,5,11,0.0,Finished
2021_7,2021,7,French Grand Prix,2021-06-20,ricard,russell,RUS,George,Russell,williams,Williams,14,12,0.0,+1 Lap
2021_7,2021,7,French Grand Prix,2021-06-20,ricard,tsunoda,TSU,Yuki,Tsunoda,alphatauri,AlphaTauri,0,13,0.0,+1 Lap
2021_7,2021,7,French Grand Prix,2021-06-20,ricard,ocon,OCO,Esteban,Ocon,alpine,Alpine F1 Team,11,14,0.0,+1 Lap
2021_7,2021,7,French Grand Prix,2021-06-20,ricard,giovinazzi,GIO,Antonio,Giovinazzi,alfa,Alfa Romeo,13,15,0.0,+1 Lap
2021_7,2021,7,French Grand Prix,2021-06-20,ricard,leclerc,LEC,Charles,Leclerc,ferrari,Ferrari,7,16,0.0,+1 Lap
2021_7,2021,7,French Grand Prix,2021-06-20,ricard,raikkonen,RAI,Kimi,Räikkönen,alfa,Alfa Romeo,17,17,0.0,+1 Lap
2021_7,2021,7,French Grand Prix,2021-06-20,ricard,latifi,LAT,Nicholas,Latifi,williams,Williams,16,18,0.0,+1 Lap
2021_7,2021,7,French Grand Prix,2021-06-20,ricard,mick_schumacher,MSC,Mick,Schumacher,haas,Haas F1 Team,15,19,0.0,+1 Lap
2021_7,2021,7,French Grand Prix,2021-06-20,ricard,mazepin,MAZ,Nikita,Mazepin,haas,Haas F1 Team,18,20,0.0,+1 Lap
2021_8,2021,8,Styrian Grand Prix,2021-06-27,red_bull_ring,max_verstappen,VER,Max,Verstappen,red_bull,Red Bull,1,1,25.0,Finished
2021_8,2021,8,Styrian Grand Prix,2021-06-27,red_bull_ring,hamilton,HAM,Lewis,Hamilton,mercedes,Mercedes,2,2,19.0,Finished
2021_8,2021,8,Styrian Grand Prix,2021-06-27,red_bull_ring,bottas,BOT,Valtteri,Bottas,mercedes,Mercedes,5,3,15.0,Finished
2021_8,2021,8,Styrian Grand Prix,2021-06-27,red_bull_ring,perez,PER,Sergio,Pérez,red_bull,Red Bull,4,4,12.0,Finished
2021_8,2021,8,Styrian Grand Prix,2021-06-27,red_bull_ring,norris,NOR,Lando,Norris,mclaren,McLaren,3,5,10.0,+1 Lap
2021_8,2021,8,Styrian Grand Prix,2021-06-27,red_bull_ring,sainz,SAI,Carlos,Sainz,ferrari,Ferrari,12,6,8.0,+1 Lap
2021_8,2021,8,Styrian Grand Prix,2021-06-27,red_bull_ring,leclerc,LEC,Charles,Leclerc,ferrari,Ferrari,7,7,6.0,+1 Lap
2021_8,2021,8,Styrian Grand Prix,2021-06-27,red_bull_ring,stroll,STR,Lance,Stroll,aston_martin,Aston Martin,9,8,4.0,+1 Lap
2021_8,2021,8,Styrian Grand Prix,2021-06-27,red_bull_ring,alonso,ALO,Fernando,Alonso,alpine,Alpine F1 Team,8,9,2.0,+1 Lap
2021_8,2021,8,Styrian Grand Prix,2021-06-27,red_bull_ring,tsunoda,TSU,Yuki,Tsunoda,alphatauri,AlphaTauri,11,10,1.0,+1 Lap
2021_8,2021,8,Styrian Grand Prix,2021-06-27,red_bull_ring,raikkonen,RAI,Kimi,Räikkönen,alfa,Alfa Romeo,18,11,0.0,+1 Lap
2021_8,2021,8,Styrian Grand Prix,2021-06-27,red_bull_ring,vettel,VET,Sebastian,Vettel,aston_martin,Aston Martin,14,12,0.0,+1 Lap
2021_8,2021,8,Styrian Grand Prix,2021-06-27,red_bull_ring,ricciardo,RIC,Daniel,Ricciardo,mclaren,McLaren,13,13,0.0,+1 Lap
2021_8,2021,8,Styrian Grand Prix,2021-06-27,red_bull_ring,ocon,OCO,Esteban,Ocon,alpine,Alpine F1 Team,17,14,0.0,+1 Lap
2021_8,2021,8,Styrian Grand Prix,2021-06-27,red_bull_ring,giovinazzi,GIO,Antonio,Giovinazzi,alfa,Alfa Romeo,15,15,0.0,+1 Lap
2021_8,2021,8,Styrian Grand Prix,2021-06-27,red_bull_ring,mick_schumacher,MSC,Mick,Schumacher,haas,Haas F1 Team,19,16,0.0,+2 Laps
2021_8,2021,8,Styrian Grand Prix,2021-06-27,red_bull_ring,latifi,LAT,Nicholas,Latifi,williams,Williams,16,17,0.0,+3 Laps
2021_8,2021,8,Styrian Grand Prix,2021-06-27,red_bull_ring,mazepin,MAZ,Nikita,Mazepin,haas,Haas F1 Team,20,18,0.0,+3 Laps
2021_8,2021,8,Styrian Grand Prix,2021-06-27,red_bull_ring,russell,RUS,George,Russell,williams,Williams,10,19,0.0,Engine
2021_8,2021,8,Styrian Grand Prix,2021-06-27,red_bull_ring,gasly,GAS,Pierre,Gasly,alphatauri,AlphaTauri,6,20,0.0,Collision
2021_9,2021,9,Austrian Grand Prix,2021-07-04,red_bull_ring,max_verstappen,VER,Max,Verstappen,red_bull,Red Bull,1,1,26.0,Finished
2021_9,2021,9,Austrian Grand Prix,2021-07-04,red_bull_ring,bottas,BOT,Valtteri,Bottas,mercedes,Mercedes,5,2,18.0,Finished
2021_9,2021,9,Austrian Grand Prix,2021-07-04,red_bull_ring,norris,NOR,Lando,Norris,mclaren,McLaren,2,3,15.0,Finished
2021_9,2021,9,Austrian Grand Prix,2021-07-04,red_bull_ring,hamilton,HAM,Lewis,Hamilton,mercedes,Mercedes,4,4,12.0,Finished
2021_9,2021,9,Austrian Grand Prix,2021-07-04,red_bull_ring,sainz,SAI,Carlos,Sainz,ferrari,Ferrari,10,5,10.0,Finished
2021_9,2021,9,Austrian Grand Prix,2021-07-04,red_bull_ring,perez,PER,Sergio,Pérez,red_bull,Red Bull,3,6,8.0,Finished
2021_9,2021,9,Austrian Grand Prix,2021-07-04,red_bull_ring,ricciardo,RIC,Daniel,Ricciardo,mclaren,McLaren,13,7,6.0,Finished
2021_9,2021,9,Austrian Grand Prix,2021-07-04,red_bull_ring,leclerc,LEC,Charles,Leclerc,ferrari,Ferrari,12,8,4.0,Finished
2021_9,2021,9,Austrian Grand Prix,2021-07-04,red_bull_ring,gasly,GAS,Pierre,Gasly,alphatauri,AlphaTauri,6,9,2.0,Finished
2021_9,2021,9,Austrian Grand Prix,2021-07-04,red_bull_ring,alonso,ALO,Fernando,Alonso,alpine,Alpine F1 Team,14,10,1.0,+1 Lap
2021_9,2021,9,Austrian Grand Prix,2021-07-04,red_bull_ring,russell,RUS,George,Russell,williams,Williams,8,11,0.0,+1 Lap
2021_9,2021,9,Austrian Grand Prix,2021-07-04,red_bull_ring,tsunoda,TSU,Yuki,Tsunoda,alphatauri,AlphaTauri,7,12,0.0,+1 Lap
2021_9,2021,9,Austrian Grand Prix,2021-07-04,red_bull_ring,stroll,STR,Lance,Stroll,aston_martin,Aston Martin,9,13,0.0,+1 Lap
2021_9,2021,9,Austrian Grand Prix,2021-07-04,red_bull_ring,giovinazzi,GIO,Antonio,Giovinazzi,alfa,Alfa Romeo,15,14,0.0,+1 Lap
2021_9,2021,9,Austrian Grand Prix,2021-07-04,red_bull_ring,raikkonen,RAI,Kimi,Räikkönen,alfa,Alfa Romeo,16,15,0.0,+1 Lap
2021_9,2021,9,Austrian Grand Prix,2021-07-04,red_bull_ring,latifi,LAT,Nicholas,Latifi,williams,Williams,18,16,0.0,+1 Lap
2021_9,2021,9,Austrian Grand Prix,2021-07-04,red_bull_ring,vettel,VET,Sebastian,Vettel,aston_martin,Aston Martin,11,17,0.0,Collision
2021_9,2021,9,Austrian Grand Prix,2021-07-04,red_bull_ring,mick_schumacher,MSC,Mick,Schumacher,haas,Haas F1 Team,19,18,0.0,+2 Laps
2021_9,2021,9,Austrian Grand Prix,2021-07-04,red_bull_ring,mazepin,MAZ,Nikita,Mazepin,haas,Haas F1 Team,20,19,0.0,+2 Laps
2021_9,2021,9,Austrian Grand Prix,2021-07-04,red_bull_ring,ocon,OCO,Esteban,Ocon,alpine,Alpine F1 Team,17,20,0.0,Collision
2021_10,2021,10,British Grand Prix,2021-07-18,silverstone,hamilton,HAM,Lewis,Hamilton,mercedes,Mercedes,2,1,25.0,Finished
2021_10,2021,10,British Grand Prix,2021-07-18,silverstone,leclerc,LEC,Charles,Leclerc,ferrari,Ferrari,4,2,18.0,Finished
2021_10,2021,10,British Grand Prix,2021-07-18,silverstone,bottas,BOT,Valtteri,Bottas,mercedes,Mercedes,3,3,15.0,Finished
2021_10,2021,10,British Grand Prix,2021-07-18,silverstone,norris,NOR,Lando,Norris,mclaren,McLaren,5,4,12.0,Finished
2021_10,2021,10,British Grand Prix,2021-07-18,silverstone,ricciardo,RIC,Daniel,Ricciardo,mclaren,McLaren,6,5,10.0,Finished
2021_10,2021,10,British Grand Prix,2021-07-18,silverstone,sainz,SAI,Carlos,Sainz,ferrari,Ferrari,10,6,8.0,Finished
2021_10,2021,10,British Grand Prix,2021-07-18,silverstone,alonso,ALO,Fernando,Alonso,alpine,Alpine F1 Team,7,7,6.0,Finished
2021_10,2021,10,British Grand Prix,2021-07-18,silverstone,stroll,STR,Lance,Stroll,aston_martin,Aston Martin,14,8,4.0,Finished
2021_10,2021,10,British Grand Prix,2021-07-18,silverstone,ocon,OCO,Esteban,Ocon,alpine,Alpine F1 Team,9,9,2.0,Finished
2021_10,2021,10,British Grand Prix,2021-07-18,silverstone,tsunoda,TSU,Yuki,Tsunoda,alphatauri,AlphaTauri,16,10,1.0,Finished
2021_10,2021,10,British Grand Prix,2021-07-18,silverstone,gasly,GAS,Pierre,Gasly,alphatauri,AlphaTauri,11,11,0.0,Finished
2021_10,2021,10,British Grand Prix,2021-07-18,silverstone,russell,RUS,George,Russell,williams,Williams,12,12,0.0,+1 Lap
2021_10,2021,10,British Grand Prix,2021-07-18,silverstone,giovinazzi,GIO,Antonio,Giovinazzi,alfa,Alfa Romeo,15,13,0.0,+1 Lap
2021_10,2021,10,British Grand Prix,2021-07-18,silverstone,latifi,LAT,Nicholas,Latifi,williams,Williams,17,14,0.0,+1 Lap
2021_10,2021,10,British Grand Prix,2021-07-18,silverstone,raikkonen,RAI,Kimi,Räikkönen,alfa,Alfa Romeo,13,15,0.0,+1 Lap
2021_10,2021,10,British Grand Prix,2021-07-18,silverstone,perez,PER,Sergio,Pérez,red_bull,Red Bull,0,16,0.0,+1 Lap
2021_10,2021,10,British Grand Prix,2021-07-18,silverstone,mazepin,MAZ,Nikita,Mazepin,haas,Haas F1 Team,19,17,0.0,+1 Lap
2021_10,2021,10,British Grand Prix,2021-07-18,silverstone,mick_schumacher,MSC,Mick,Schumacher,haas,Haas F1 Team,18,18,0.0,+1 Lap
2021_10,2021,10,British Grand Prix,2021-07-18,silverstone,vettel,VET,Sebastian,Vettel,aston_martin,Aston Martin,8,19,0.0,Retired
2021_10,2021,10,British Grand Prix,2021-07-18,silverstone,max_verstappen,VER,Max,Verstappen,red_bull,Red Bull,1,20,0.0,Collision
2021_11,2021,11,Hungarian Grand Prix,2021-08-01,hungaroring,ocon,OCO,Esteban,Ocon,alpine,Alpine F1 Team,8,1,25.0,Finished
2021_11,2021,11,Hungarian Grand Prix,2021-08-01,hungaroring,hamilton,HAM,Lewis,Hamilton,mercedes,Mercedes,1,2,18.0,Finished
2021_11,2021,11,Hungarian Grand Prix,2021-08-01,hungaroring,sainz,SAI,Carlos,Sainz,ferrari,Ferrari,15,3,15.0,Finished
2021_11,2021,11,Hungarian Grand Prix,2021-08-01,hungaroring,alonso,ALO,Fernando,Alonso,alpine,Alpine F1 Team,9,4,12.0,Finished
2021_11,2021,11,Hungarian Grand Prix,2021-08-01,hungaroring,gasly,GAS,Pierre,Gasly,alphatauri,AlphaTauri,5,5,11.0,Finished
2021_11,2021,11,Hungarian Grand Prix,2021-08-01,hungaroring,tsunoda,TSU,Yuki,Tsunoda,alphatauri,AlphaTauri,16,6,8.0,Finished
2021_11,2021,11,Hungarian Grand Prix,2021-08-01,hungaroring,latifi,LAT,Nicholas,Latifi,williams,Williams,18,7,6.0,Finished
2021_11,2021,11,Hungarian Grand Prix,2021-08-01,hungaroring,russell,RUS,George,Russell,williams,Williams,17,8,4.0,Finished
2021_11,2021,11,Hungarian Grand Prix,2021-08-01,hungaroring,max_verstappen,VER,Max,Verstappen,red_bull,Red Bull,3,9,2.0,Finished
2021_11,2021,11,Hungarian Grand Prix,2021-08-01,hungaroring,raikkonen,RAI,Kimi,Räikkönen,alfa,Alfa Romeo,13,10,1.0,+1 Lap
2021_11,2021,11,Hungarian Grand Prix,2021-08-01,hungaroring,ricciardo,RIC,Daniel,Ricciardo,mclaren,McLaren,11,11,0.0,+1 Lap
2021_11,2021,11,Hungarian Grand Prix,2021-08-01,hungaroring,mick_schumacher,MSC,Mick,Schumacher,haas,Haas F1 Team,20,12,0.0,+1 Lap
2021_11,2021,11,Hungarian Grand Prix,2021-08-01,hungaroring,giovinazzi,GIO,Antonio,Giovinazzi,alfa,Alfa Romeo,0,13,0.0,+1 Lap
2021_11,2021,11,Hungarian Grand Prix,2021-08-01,hungaroring,mazepin,MAZ,Nikita,Mazepin,haas,Haas F1 Team,19,14,0.0,Collision
2021_11,2021,11,Hungarian Grand Prix,2021-08-01,hungaroring,norris,NOR,Lando,Norris,mclaren,McLaren,6,15,0.0,Collision
2021_11,2021,11,Hungarian Grand Prix,2021-08-01,hungaroring,bottas,BOT,Valtteri,Bottas,mercedes,Mercedes,2,16,0.0,Collision
2021_11,2021,11,Hungarian Grand Prix,2021-08-01,hungaroring,perez,PER,Sergio,Pérez,red_bull,Red Bull,4,17,0.0,Collision
2021_11,2021,11,Hungarian Grand Prix,2021-08-01,hungaroring,leclerc,LEC,Charles,Leclerc,ferrari,Ferrari,7,18,0.0,Collision
2021_11,2021,11,Hungarian Grand Prix,2021-08-01,hungaroring,stroll,STR,Lance,Stroll,aston_martin,Aston Martin,12,19,0.0,Collision
2021_11,2021,11,Hungarian Grand Prix,2021-08-01,hungaroring,vettel,VET,Sebastian,Vettel,aston_martin,Aston Martin,10,20,0.0,Disqualified
2021_12,2021,12,Belgian Grand Prix,2021-08-29,spa,max_verstappen,VER,Max,Verstappen,red_bull,Red Bull,1,1,12.5,Finished
2021_12,2021,12,Belgian Grand Prix,2021-08-29,spa,russell,RUS,George,Russell,williams,Williams,2,2,9.0,Finished
2021_12,2021,12,Belgian Grand Prix,2021-08-29,spa,hamilton,HAM,Lewis,Hamilton,mercedes,Mercedes,3,3,7.5,Finished
2021_12,2021,12,Belgian Grand Prix,2021-08-29,spa,ricciardo,RIC,Daniel,Ricciardo,mclaren,McLaren,4,4,6.0,Finished
2021_12,2021,12,Belgian Grand Prix,2021-08-29,spa,vettel,VET,Sebastian,Vettel,aston_martin,Aston Martin,5,5,5.0,Finished
2021_12,2021,12,Belgian Grand Prix,2021-08-29,spa,gasly,GAS,Pierre,Gasly,alphatauri,AlphaTauri,6,6,4.0,Finished
2021_12,2021,12,Belgian Grand Prix,2021-08-29,spa,ocon,OCO,Esteban,Ocon,alpine,Alpine F1 Team,8,7,3.0,Finished
2021_12,2021,12,Belgian Grand Prix,2021-08-29,spa,leclerc,LEC,Charles,Leclerc,ferrari,Ferrari,9,8,2.0,Finished
2021_12,2021,12,Belgian Grand Prix,2021-08-29,spa,latifi,LAT,Nicholas,Latifi,williams,Williams,10,9,1.0,Finished
2021_12,2021,12,Belgian Grand Prix,2021-08-29,spa,sainz,SAI,Carlos,Sainz,ferrari,Ferrari,11,10,0.5,Finished
2021_12,2021,12,Belgian Grand Prix,2021-08-29,spa,alonso,ALO,Fernando,Alonso,alpine,Alpine F1 Team,12,11,0.0,Finished
2021_12,2021,12,Belgian Grand Prix,2021-08-29,spa,bottas,BOT,Valtteri,Bottas,mercedes,Mercedes,13,12,0.0,Finished
2021_12,2021,12,Belgian Grand Prix,2021-08-29,spa,giovinazzi,GIO,Antonio,Giovinazzi,alfa,Alfa Romeo,14,13,0.0,Finished
2021_12,2021,12,Belgian Grand Prix,2021-08-29,spa,norris,NOR,Lando,Norris,mclaren,McLaren,15,14,0.0,Finished
2021_12,2021,12,Belgian Grand Prix,2021-08-29,spa,tsunoda,TSU,Yuki,Tsunoda,alphatauri,AlphaTauri,16,15,0.0,Finished
2021_12,2021,12,Belgian Grand Prix,2021-08-29,spa,mick_schumacher,MSC,Mick,Schumacher,haas,Haas F1 Team,17,16,0.0,Finished
2021_12,2021,12,Belgian Grand Prix,2021-08-29,spa,mazepin,MAZ,Nikita,Mazepin,haas,Haas F1 Team,18,17,0.0,Finished
2021_12,2021,12,Belgian Grand Prix,2021-08-29,spa,raikkonen,RAI,Kimi,Räikkönen,alfa,Alfa Romeo,0,18,0.0,Finished
2021_12,2021,12,Belgian Grand Prix,2021-08-29,spa,perez,PER,Sergio,Pérez,red_bull,Red Bull,0,19,0.0,Finished
2021_12,2021,12,Belgian Grand Prix,2021-08-29,spa,stroll,STR,Lance,Stroll,aston_martin,Aston Martin,19,20,0.0,Finished
2021_13,2021,13,Dutch Grand Prix,2021-09-05,zandvoort,max_verstappen,VER,Max,Verstappen,red_bull,Red Bull,1,1,25.0,Finished
2021_13,2021,13,Dutch Grand Prix,2021-09-05,zandvoort,hamilton,HAM,Lewis,Hamilton,mercedes,Mercedes,2,2,19.0,Finished
2021_13,2021,13,Dutch Grand Prix,2021-09-05,zandvoort,bottas,BOT,Valtteri,Bottas,mercedes,Mercedes,3,3,15.0,Finished
2021_13,2021,13,Dutch Grand Prix,2021-09-05,zandvoort,gasly,GAS,Pierre,Gasly,alphatauri,AlphaTauri,4,4,12.0,+1 Lap
2021_13,2021,13,Dutch Grand Prix,2021-09-05,zandvoort,leclerc,LEC,Charles,Leclerc,ferrari,Ferrari,5,5,10.0,+1 Lap
2021_13,2021,13,Dutch Grand Prix,2021-09-05,zandvoort,alonso,ALO,Fernando,Alonso,alpine,Alpine F1 Team,9,6,8.0,+1 Lap
2021_13,2021,13,Dutch Grand Prix,2021-09-05,zandvoort,sainz,SAI,Carlos,Sainz,ferrari,Ferrari,6,7,6.0,+1 Lap
2021_13,2021,13,Dutch Grand Prix,2021-09-05,zandvoort,perez,PER,Sergio,Pérez,red_bull,Red Bull,0,8,4.0,+1 Lap
2021_13,2021,13,Dutch Grand Prix,2021-09-05,zandvoort,ocon,OCO,Esteban,Ocon,alpine,Alpine F1 Team,8,9,2.0,+1 Lap
2021_13,2021,13,Dutch Grand Prix,2021-09-05,zandvoort,norris,NOR,Lando,Norris,mclaren,McLaren,13,10,1.0,+1 Lap
2021_13,2021,13,Dutch Grand Prix,2021-09-05,zandvoort,ricciardo,RIC,Daniel,Ricciardo,mclaren,McLaren,10,11,0.0,+1 Lap
2021_13,2021,13,Dutch Grand Prix,2021-09-05,zandvoort,stroll,STR,Lance,Stroll,aston_martin,Aston Martin,12,12,0.0,+2 Laps
2021_13,2021,13,Dutch Grand Prix,2021-09-05,zandvoort,vettel,VET,Sebastian,Vettel,aston_martin,Aston Martin,15,13,0.0,+2 Laps
2021_13,2021,13,Dutch Grand Prix,2021-09-05,zandvoort,giovinazzi,GIO,Antonio,Giovinazzi,alfa,Alfa Romeo,7,14,0.0,+2 Laps
2021_13,2021,13,Dutch Grand Prix,2021-09-05,zandvoort,kubica,KUB,Robert,Kubica,alfa,Alfa Romeo,16,15,0.0,+2 Laps
2021_13,2021,13,Dutch Grand Prix,2021-09-05,zandvoort,latifi,LAT,Nicholas,Latifi,williams,Williams,0,16,0.0,+2 Laps
2021_13,2021,13,Dutch Grand Prix,2021-09-05,zandvoort,russell,RUS,George,Russell,williams,Williams,11,17,0.0,Gearbox
2021_13,2021,13,Dutch Grand Prix,2021-09-05,zandvoort,mick_schumacher,MSC,Mick,Schumacher,haas,Haas F1 Team,17,18,0.0,+3 Laps
2021_13,2021,13,Dutch Grand Prix,2021-09-05,zandvoort,tsunoda,TSU,Yuki,Tsunoda,alphatauri,AlphaTauri,14,19,0.0,Power Unit
2021_13,2021,13,Dutch Grand Prix,2021-09-05,zandvoort,mazepin,MAZ,Nikita,Mazepin,haas,Haas F1 Team,18,20,0.0,Hydraulics
2021_14,2021,14,Italian Grand Prix,2021-09-12,monza,ricciardo,RIC,Daniel,Ricciardo,mclaren,McLaren,2,1,26.0,Finished
2021_14,2021,14,Italian Grand Prix,2021-09-12,monza,norris,NOR,Lando,Norris,mclaren,McLaren,3,2,18.0,Finished
2021_14,2021,14,Italian Grand Prix,2021-09-12,monza,bottas,BOT,Valtteri,Bottas,mercedes,Mercedes,19,3,15.0,Finished
2021_14,2021,14,Italian Grand Prix,2021-09-12,monza,leclerc,LEC,Charles,Leclerc,ferrari,Ferrari,5,4,12.0,Finished
2021_14,2021,14,Italian Grand Prix,2021-09-12,monza,perez,PER,Sergio,Pérez,red_bull,Red Bull,8,5,10.0,Finished
2021_14,2021,14,Italian Grand Prix,2021-09-12,monza,sainz,SAI,Carlos,Sainz,ferrari,Ferrari,6,6,8.0,Finished
2021_14,2021,14,Italian Grand Prix,2021-09-12,monza,stroll,STR,Lance,Stroll,aston_martin,Aston Martin,9,7,6.0,Finished
2021_14,2021,14,Italian Grand Prix,2021-09-12,monza,alonso,ALO,Fernando,Alonso,alpine,Alpine F1 Team,10,8,4.0,Finished
2021_14,2021,14,Italian Grand Prix,2021-09-12,monza,russell,RUS,George,Russell,williams,Williams,14,9,2.0,Finished
2021_14,2021,14,Italian Grand Prix,2021-09-12,monza,ocon,OCO,Esteban,Ocon,alpine,Alpine F1 Team,12,10,1.0,Finished
2021_14,2021,14,Italian Grand Prix,2021-09-12,monza,latifi,LAT,Nicholas,Latifi,williams,Williams,13,11,0.0,Finished
2021_14,2021,14,Italian Grand Prix,2021-09-12,monza,vettel,VET,Sebastian,Vettel,aston_martin,Aston Martin,11,12,0.0,Finished
2021_14,2021,14,Italian Grand Prix,2021-09-12,monza,giovinazzi,GIO,Antonio,Giovinazzi,alfa,Alfa Romeo,7,13,0.0,Finished
2021_14,2021,14,Italian Grand Prix,2021-09-12,monza,kubica,KUB,Robert,Kubica,alfa,Alfa Romeo,17,14,0.0,Finished
2021_14,2021,14,Italian Grand Prix,2021-09-12,monza,mick_schumacher,MSC,Mick,Schumacher,haas,Haas F1 Team,18,15,0.0,Finished
2021_14,2021,14,Italian Grand Prix,2021-09-12,monza,mazepin,MAZ,Nikita,Mazepin,haas,Haas F1 Team,16,16,0.0,Power Unit
2021_14,2021,14,Italian Grand Prix,2021-09-12,monza,hamilton,HAM,Lewis,Hamilton,mercedes,Mercedes,4,17,0.0,Collision
2021_14,2021,14,Italian Grand Prix,2021-09-12,monza,max_verstappen,VER,Max,Verstappen,red_bull,Red Bull,1,18,0.0,Collision
2021_14,2021,14,Italian Grand Prix,2021-09-12,monza,gasly,GAS,Pierre,Gasly,alphatauri,AlphaTauri,0,19,0.0,Suspension
2021_14,2021,14,Italian Grand Prix,2021-09-12,monza,tsunoda,TSU,Yuki,Tsunoda,alphatauri,AlphaTauri,0,20,0.0,Brakes
2021_15,2021,15,Russian Grand Prix,2021-09-26,sochi,hamilton,HAM,Lewis,Hamilton,mercedes,Mercedes,4,1,25.0,Finished
2021_15,2021,15,Russian Grand Prix,2021-09-26,sochi,max_verstappen,VER,Max,Verstappen,red_bull,Red Bull,20,2,18.0,Finished
2021_15,2021,15,Russian Grand Prix,2021-09-26,sochi,sainz,SAI,Carlos,Sainz,ferrari,Ferrari,2,3,15.0,Finished
2021_15,2021,15,Russian Grand Prix,2021-09-26,sochi,ricciardo,RIC,Daniel,Ricciardo,mclaren,McLaren,5,4,12.0,Finished
2021_15,2021,15,Russian Grand Prix,2021-09-26,sochi,bottas,BOT,Valtteri,Bottas,mercedes,Mercedes,16,5,10.0,Finished
2021_15,2021,15,Russian Grand Prix,2021-09-26,sochi,alonso,ALO,Fernando,Alonso,alpine,Alpine F1 Team,6,6,8.0,Finished
2021_15,2021,15,Russian Grand Prix,2021-09-26,sochi,norris,NOR,Lando,Norris,mclaren,McLaren,1,7,7.0,Finished
2021_15,2021,15,Russian Grand Prix,2021-09-26,sochi,raikkonen,RAI,Kimi,Räikkönen,alfa,Alfa Romeo,13,8,4.0,Finished
2021_15,2021,15,Russian Grand Prix,2021-09-26,sochi,perez,PER,Sergio,Pérez,red_bull,Red Bull,8,9,2.0,Finished
2021_15,2021,15,Russian Grand Prix,2021-09-26,sochi,russell,RUS,George,Russell,williams,Williams,3,10,1.0,Finished
2021_15,2021,15,Russian Grand Prix,2021-09-26,sochi,stroll,STR,Lance,Stroll,aston_martin,Aston Martin,7,11,0.0,Finished
2021_15,2021,15,Russian Grand Prix,2021-09-26,sochi,vettel,VET,Sebastian,Vettel,aston_martin,Aston Martin,10,12,0.0,+1 Lap
2021_15,2021,15,Russian Grand Prix,2021-09-26,sochi,gasly,GAS,Pierre,Gasly,alphatauri,AlphaTauri,11,13,0.0,+1 Lap
2021_15,2021,15,Russian Grand Prix,2021-09-26,sochi,ocon,OCO,Esteban,Ocon,alpine,Alpine F1 Team,9,14,0.0,+1 Lap
2021_15,2021,15,Russian Grand Prix,2021-09-26,sochi,leclerc,LEC,Charles,Leclerc,ferrari,Ferrari,19,15,0.0,+1 Lap
2021_15,2021,15,Russian Grand Prix,2021-09-26,sochi,giovinazzi,GIO,Antonio,Giovinazzi,alfa,Alfa Romeo,17,16,0.0,+1 Lap
2021_15,2021,15,Russian Grand Prix,2021-09-26,sochi,tsunoda,TSU,Yuki,Tsunoda,alphatauri,AlphaTauri,12,17,0.0,+1 Lap
2021_15,2021,15,Russian Grand Prix,2021-09-26,sochi,mazepin,MAZ,Nikita,Mazepin,haas,Haas F1 Team,15,18,0.0,+2 Laps
2021_15,2021,15,Russian Grand Prix,2021-09-26,sochi,latifi,LAT,Nicholas,Latifi,williams,Williams,18,19,0.0,Accident
2021_15,2021,15,Russian Grand Prix,2021-09-26,sochi,mick_schumacher,MSC,Mick,Schumacher,haas,Haas F1 Team,14,20,0.0,Oil leak
2021_16,2021,16,Turkish Grand Prix,2021-10-10,istanbul,bottas,BOT,Valtteri,Bottas,mercedes,Mercedes,1,1,26.0,Finished
2021_16,2021,16,Turkish Grand Prix,2021-10-10,istanbul,max_verstappen,VER,Max,Verstappen,red_bull,Red Bull,2,2,18.0,Finished
2021_16,2021,16,Turkish Grand Prix,2021-10-10,istanbul,perez,PER,Sergio,Pérez,red_bull,Red Bull,6,3,15.0,Finished
2021_16,2021,16,Turkish Grand Prix,2021-10-10,istanbul,leclerc,LEC,Charles,Leclerc,ferrari,Ferrari,3,4,12.0,Finished
2021_16,2021,16,Turkish Grand Prix,2021-10-10,istanbul,hamilton,HAM,Lewis,Hamilton,mercedes,Mercedes,11,5,10.0,Finished
2021_16,2021,16,Turkish Grand Prix,2021-10-10,istanbul,gasly,GAS,Pierre,Gasly,alphatauri,AlphaTauri,4,6,8.0,Finished
2021_16,2021,16,Turkish Grand Prix,2021-10-10,istanbul,norris,NOR,Lando,Norris,mclaren,McLaren,7,7,6.0,Finished
2021_16,2021,16,Turkish Grand Prix,2021-10-10,istanbul,sainz,SAI,Carlos,Sainz,ferrari,Ferrari,19,8,4.0,Finished
2021_16,2021,16,Turkish Grand Prix,2021-10-10,istanbul,stroll,STR,Lance,Stroll,aston_martin,Aston Martin,8,9,2.0,Finished
2021_16,2021,16,Turkish Grand Prix,2021-10-10,istanbul,ocon,OCO,Esteban,Ocon,alpine,Alpine F1 Team,12,10,1.0,+1 Lap
2021_16,2021,16,Turkish Grand Prix,2021-10-10,istanbul,giovinazzi,GIO,Antonio,Giovinazzi,alfa,Alfa Romeo,16,11,0.0,+1 Lap
2021_16,2021,16,Turkish Grand Prix,2021-10-10,istanbul,raikkonen,RAI,Kimi,Räikkönen,alfa,Alfa Romeo,17,12,0.0,+1 Lap
2021_16,2021,16,Turkish Grand Prix,2021-10-10,istanbul,ricciardo,RIC,Daniel,Ricciardo,mclaren,McLaren,20,13,0.0,+1 Lap
2021_16,2021,16,Turkish Grand Prix,2021-10-10,istanbul,tsunoda,TSU,Yuki,Tsunoda,alphatauri,AlphaTauri,9,14,0.0,+1 Lap
2021_16,2021,16,Turkish Grand Prix,2021-10-10,istanbul,russell,RUS,George,Russell,williams,Williams,13,15,0.0,+1 Lap
2021_16,2021,16,Turkish Grand Prix,2021-10-10,istanbul,alonso,ALO,Fernando,Alonso,alpine,Alpine F1 Team,5,16,0.0,+1 Lap
2021_16,2021,16,Turkish Grand Prix,2021-10-10,istanbul,latifi,LAT,Nicholas,Latifi,williams,Williams,15,17,0.0,+1 Lap
2021_16,2021,16,Turkish Grand Prix,2021-10-10,istanbul,vettel,VET,Sebastian,Vettel,aston_martin,Aston Martin,10,18,0.0,+1 Lap
2021_16,2021,16,Turkish Grand Prix,2021-10-10,istanbul,mick_schumacher,MSC,Mick,Schumacher,haas,Haas F1 Team,14,19,0.0,+2 Laps
2021_16,2021,16,Turkish Grand Prix,2021-10-10,istanbul,mazepin,MAZ,Nikita,Mazepin,haas,Haas F1 Team,18,20,0.0,+2 Laps
2021_17,2021,17,United States Grand Prix,2021-10-24,americas,max_verstappen,VER,Max,Verstappen,red_bull,Red Bull,1,1,25.0,Finished
2021_17,2021,17,United States Grand Prix,2021-10-24,americas,hamilton,HAM,Lewis,Hamilton,mercedes,Mercedes,2,2,19.0,Finished
2021_17,2021,17,United States Grand Prix,2021-10-24,americas,perez,PER,Sergio,Pérez,red_bull,Red Bull,3,3,15.0,Finished
2021_17,2021,17,United States Grand Prix,2021-10-24,americas,leclerc,LEC,Charles,Leclerc,ferrari,Ferrari,4,4,12.0,Finished
2021_17,2021,17,United States Grand Prix,2021-10-24,americas,ricciardo,RIC,Daniel,Ricciardo,mclaren,McLaren,6,5,10.0,Finished
2021_17,2021,17,United States Grand Prix,2021-10-24,americas,bottas,BOT,Valtteri,Bottas,mercedes,Mercedes,9,6,8.0,Finished
2021_17,2021,17,United States Grand Prix,2021-10-24,americas,sainz,SAI,Carlos,Sainz,ferrari,Ferrari,5,7,6.0,Finished
2021_17,2021,17,United States Grand Prix,2021-10-24,americas,norris,NOR,Lando,Norris,mclaren,McLaren,7,8,4.0,Finished
2021_17,2021,17,United States Grand Prix,2021-10-24,americas,tsunoda,TSU,Yuki,Tsunoda,alphatauri,AlphaTauri,10,9,2.0,+1 Lap
2021_17,2021,17,United States Grand Prix,2021-10-24,americas,vettel,VET,Sebastian,Vettel,aston_martin,Aston Martin,18,10,1.0,+1 Lap
2021_17,2021,17,United States Grand Prix,2021-10-24,americas,giovinazzi,GIO,Antonio,Giovinazzi,alfa,Alfa Romeo,12,11,0.0,+1 Lap
2021_17,2021,17,United States Grand Prix,2021-10-24,americas,stroll,STR,Lance,Stroll,aston_martin,Aston Martin,13,12,0.0,+1 Lap
2021_17,2021,17,United States Grand Prix,2021-10-24,americas,raikkonen,RAI,Kimi,Räikkönen,alfa,Alfa Romeo,15,13,0.0,+1 Lap
2021_17,2021,17,United States Grand Prix,2021-10-24,americas,russell,RUS,George,Russell,williams,Williams,20,14,0.0,+1 Lap
2021_17,2021,17,United States Grand Prix,2021-10-24,americas,latifi,LAT,Nicholas,Latifi,williams,Williams,14,15,0.0,+1 Lap
2021_17,2021,17,United States Grand Prix,2021-10-24,americas,mick_schumacher,MSC,Mick,Schumacher,haas,Haas F1 Team,16,16,0.0,+2 Laps
2021_17,2021,17,United States Grand Prix,2021-10-24,americas,mazepin,MAZ,Nikita,Mazepin,haas,Haas F1 Team,17,17,0.0,+2 Laps
2021_17,2021,17,United States Grand Prix,2021-10-24,americas,alonso,ALO,Fernando,Alonso,alpine,Alpine F1 Team,19,18,0.0,Rear wing
2021_17,2021,17,United States Grand Prix,2021-10-24,americas,ocon,OCO,Esteban,Ocon,alpine,Alpine F1 Team,11,19,0.0,Mechanical
2021_17,2021,17,United States Grand Prix,2021-10-24,americas,gasly,GAS,Pierre,Gasly,alphatauri,AlphaTauri,8,20,0.0,Suspension
2021_18,2021,18,Mexico City Grand Prix,2021-11-07,rodriguez,max_verstappen,VER,Max,Verstappen,red_bull,Red Bull,3,1,25.0,Finished
2021_18,2021,18,Mexico City Grand Prix,2021-11-07,rodriguez,hamilton,HAM,Lewis,Hamilton,mercedes,Mercedes,2,2,18.0,Finished
2021_18,2021,18,Mexico City Grand Prix,2021-11-07,rodriguez,perez,PER,Sergio,Pérez,red_bull,Red Bull,4,3,15.0,Finished
2021_18,2021,18,Mexico City Grand Prix,2021-11-07,rodriguez,gasly,GAS,Pierre,Gasly,alphatauri,AlphaTauri,5,4,12.0,Finished
2021_18,2021,18,Mexico City Grand Prix,2021-11-07,rodriguez,leclerc,LEC,Charles,Leclerc,ferrari,Ferrari,8,5,10.0,Finished
2021_18,2021,18,Mexico City Grand Prix,2021-11-07,rodriguez,sainz,SAI,Carlos,Sainz,ferrari,Ferrari,6,6,8.0,+1 Lap
2021_18,2021,18,Mexico City Grand Prix,2021-11-07,rodriguez,vettel,VET,Sebastian,Vettel,aston_martin,Aston Martin,9,7,6.0,+1 Lap
2021_18,2021,18,Mexico City Grand Prix,2021-11-07,rodriguez,raikkonen,RAI,Kimi,Räikkönen,alfa,Alfa Romeo,10,8,4.0,+1 Lap
2021_18,2021,18,Mexico City Grand Prix,2021-11-07,rodriguez,alonso,ALO,Fernando,Alonso,alpine,Alpine F1 Team,12,9,2.0,+1 Lap
2021_18,2021,18,Mexico City Grand Prix,2021-11-07,rodriguez,norris,NOR,Lando,Norris,mclaren,McLaren,18,10,1.0,+1 Lap
2021_18,2021,18,Mexico City Grand Prix,2021-11-07,rodriguez,giovinazzi,GIO,Antonio,Giovinazzi,alfa,Alfa Romeo,11,11,0.0,+1 Lap
2021_18,2021,18,Mexico City Grand Prix,2021-11-07,rodriguez,ricciardo,RIC,Daniel,Ricciardo,mclaren,McLaren,7,12,0.0,+1 Lap
2021_18,2021,18,Mexico City Grand Prix,2021-11-07,rodriguez,ocon,OCO,Esteban,Ocon,alpine,Alpine F1 Team,19,13,0.0,+1 Lap
2021_18,2021,18,Mexico City Grand Prix,2021-11-07,rodriguez,stroll,STR,Lance,Stroll,aston_martin,Aston Martin,20,14,0.0,+2 Laps
2021_18,2021,18,Mexico City Grand Prix,2021-11-07,rodriguez,bottas,BOT,Valtteri,Bottas,mercedes,Mercedes,1,15,0.0,+2 Laps
2021_18,2021,18,Mexico City Grand Prix,2021-11-07,rodriguez,russell,RUS,George,Russell,williams,Williams,16,16,0.0,+2 Laps
2021_18,2021,18,Mexico City Grand Prix,2021-11-07,rodriguez,latifi,LAT,Nicholas,Latifi,williams,Williams,13,17,0.0,+2 Laps
2021_18,2021,18,Mexico City Grand Prix,2021-11-07,rodriguez,mazepin,MAZ,Nikita,Mazepin,haas,Haas F1 Team,15,18,0.0,+3 Laps
2021_18,2021,18,Mexico City Grand Prix,2021-11-07,rodriguez,mick_schumacher,MSC,Mick,Schumacher,haas,Haas F1 Team,14,19,0.0,Collision
2021_18,2021,18,Mexico City Grand Prix,2021-11-07,rodriguez,tsunoda,TSU,Yuki,Tsunoda,alphatauri,AlphaTauri,17,20,0.0,Collision
2021_19,2021,19,São Paulo Grand Prix,2021-11-14,interlagos,hamilton,HAM,Lewis,Hamilton,mercedes,Mercedes,10,1,25.0,Finished
2021_19,2021,19,São Paulo Grand Prix,2021-11-14,interlagos,max_verstappen,VER,Max,Verstappen,red_bull,Red Bull,2,2,18.0,Finished
2021_19,2021,19,São Paulo Grand Prix,2021-11-14,interlagos,bottas,BOT,Valtteri,Bottas,mercedes,Mercedes,1,3,15.0,Finished
2021_19,2021,19,São Paulo Grand Prix,2021-11-14,interlagos,perez,PER,Sergio,Pérez,red_bull,Red Bull,4,4,13.0,Finished
2021_19,2021,19,São Paulo Grand Prix,2021-11-14,interlagos,leclerc,LEC,Charles,Leclerc,ferrari,Ferrari,6,5,10.0,Finished
2021_19,2021,19,São Paulo Grand Prix,2021-11-14,interlagos,sainz,SAI,Carlos,Sainz,ferrari,Ferrari,3,6,8.0,Finished
2021_19,2021,19,São Paulo Grand Prix,2021-11-14,interlagos,gasly,GAS,Pierre,Gasly,alphatauri,AlphaTauri,7,7,6.0,+1 Lap
2021_19,2021,19,São Paulo Grand Prix,2021-11-14,interlagos,ocon,OCO,Esteban,Ocon,alpine,Alpine F1 Team,8,8,4.0,+1 Lap
2021_19,2021,19,São Paulo Grand Prix,2021-11-14,interlagos,alonso,ALO,Fernando,Alonso,alpine,Alpine F1 Team,12,9,2.0,+1 Lap
2021_19,2021,19,São Paulo Grand Prix,2021-11-14,interlagos,norris,NOR,Lando,Norris,mclaren,McLaren,5,10,1.0,+1 Lap
2021_19,2021,19,São Paulo Grand Prix,2021-11-14,interlagos,vettel,VET,Sebastian,Vettel,aston_martin,Aston Martin,9,11,0.0,+1 Lap
2021_19,2021,19,São Paulo Grand Prix,2021-11-14,interlagos,raikkonen,RAI,Kimi,Räikkönen,alfa,Alfa Romeo,0,12,0.0,+1 Lap
2021_19,2021,19,São Paulo Grand Prix,2021-11-14,interlagos,russell,RUS,George,Russell,williams,Williams,17,13,0.0,+1 Lap
2021_19,2021,19,São Paulo Grand Prix,2021-11-14,interlagos,giovinazzi,GIO,Antonio,Giovinazzi,alfa,Alfa Romeo,13,14,0.0,+1 Lap
2021_19,2021,19,São Paulo Grand Prix,2021-11-14,interlagos,tsunoda,TSU,Yuki,Tsunoda,alphatauri,AlphaTauri,15,15,0.0,+1 Lap
2021_19,2021,19,São Paulo Grand Prix,2021-11-14,interlagos,latifi,LAT,Nicholas,Latifi,williams,Williams,16,16,0.0,+1 Lap
2021_19,2021,19,São Paulo Grand Prix,2021-11-14,interlagos,mazepin,MAZ,Nikita,Mazepin,haas,Haas F1 Team,19,17,0.0,+2 Laps
2021_19,2021,19,São Paulo Grand Prix,2021-11-14,interlagos,mick_schumacher,MSC,Mick,Schumacher,haas,Haas F1 Team,18,18,0.0,+2 Laps
2021_19,2021,19,São Paulo Grand Prix,2021-11-14,interlagos,ricciardo,RIC,Daniel,Ricciardo,mclaren,McLaren,11,19,0.0,Power loss
2021_19,2021,19,São Paulo Grand Prix,2021-11-14,interlagos,stroll,STR,Lance,Stroll,aston_martin,Aston Martin,14,20,0.0,Collision damage
2021_20,2021,20,Qatar Grand Prix,2021-11-21,losail,hamilton,HAM,Lewis,Hamilton,mercedes,Mercedes,1,1,25.0,Finished
2021_20,2021,20,Qatar Grand Prix,2021-11-21,losail,max_verstappen,VER,Max,Verstappen,red_bull,Red Bull,7,2,19.0,Finished
2021_20,2021,20,Qatar Grand Prix,2021-11-21,losail,alonso,ALO,Fernando,Alonso,alpine,Alpine F1 Team,3,3,15.0,Finished
2021_20,2021,20,Qatar Grand Prix,2021-11-21,losail,perez,PER,Sergio,Pérez,red_bull,Red Bull,11,4,12.0,Finished
2021_20,2021,20,Qatar Grand Prix,2021-11-21,losail,ocon,OCO,Esteban,Ocon,alpine,Alpine F1 Team,9,5,10.0,Finished
2021_20,2021,20,Qatar Grand Prix,2021-11-21,losail,stroll,STR,Lance,Stroll,aston_martin,Aston Martin,12,6,8.0,Finished
2021_20,2021,20,Qatar Grand Prix,2021-11-21,losail,sainz,SAI,Carlos,Sainz,ferrari,Ferrari,5,7,6.0,Finished
2021_20,2021,20,Qatar Grand Prix,2021-11-21,losail,leclerc,LEC,Charles,Leclerc,ferrari,Ferrari,13,8,4.0,Finished
2021_20,2021,20,Qatar Grand Prix,2021-11-21,losail,norris,NOR,Lando,Norris,mclaren,McLaren,4,9,2.0,+1 Lap
2021_20,2021,20,Qatar Grand Prix,2021-11-21,losail,vettel,VET,Sebastian,Vettel,aston_martin,Aston Martin,10,10,1.0,+1 Lap
2021_20,2021,20,Qatar Grand Prix,2021-11-21,losail,gasly,GAS,Pierre,Gasly,alphatauri,AlphaTauri,2,11,0.0,+1 Lap
2021_20,2021,20,Qatar Grand Prix,2021-11-21,losail,ricciardo,RIC,Daniel,Ricciardo,mclaren,McLaren,14,12,0.0,+1 Lap
2021_20,2021,20,Qatar Grand Prix,2021-11-21,losail,tsunoda,TSU,Yuki,Tsunoda,alphatauri,AlphaTauri,8,13,0.0,+1 Lap
2021_20,2021,20,Qatar Grand Prix,2021-11-21,losail,raikkonen,RAI,Kimi,Räikkönen,alfa,Alfa Romeo,16,14,0.0,+1 Lap
2021_20,2021,20,Qatar Grand Prix,2021-11-21,losail,giovinazzi,GIO,Antonio,Giovinazzi,alfa,Alfa Romeo,18,15,0.0,+1 Lap
2021_20,2021,20,Qatar Grand Prix,2021-11-21,losail,mick_schumacher,MSC,Mick,Schumacher,haas,Haas F1 Team,19,16,0.0,+1 Lap
2021_20,2021,20,Qatar Grand Prix,2021-11-21,losail,russell,RUS,George,Russell,williams,Williams,15,17,0.0,+2 Laps
2021_20,2021,20,Qatar Grand Prix,2021-11-21,losail,mazepin,MAZ,Nikita,Mazepin,haas,Haas F1 Team,20,18,0.0,+2 Laps
2021_20,2021,20,Qatar Grand Prix,2021-11-21,losail,latifi,LAT,Nicholas,Latifi,williams,Williams,17,19,0.0,Puncture
2021_20,2021,20,Qatar Grand Prix,2021-11-21,losail,bottas,BOT,Valtteri,Bottas,mercedes,Mercedes,6,20,0.0,Damage
2021_21,2021,21,Saudi Arabian Grand Prix,2021-12-05,jeddah,hamilton,HAM,Lewis,Hamilton,mercedes,Mercedes,1,1,26.0,Finished
2021_21,2021,21,Saudi Arabian Grand Prix,2021-12-05,jeddah,max_verstappen,VER,Max,Verstappen,red_bull,Red Bull,3,2,18.0,Finished
2021_21,2021,21,Saudi Arabian Grand Prix,2021-12-05,jeddah,bottas,BOT,Valtteri,Bottas,mercedes,Mercedes,2,3,15.0,Finished
2021_21,2021,21,Saudi Arabian Grand Prix,2021-12-05,jeddah,ocon,OCO,Esteban,Ocon,alpine,Alpine F1 Team,9,4,12.0,Finished
2021_21,2021,21,Saudi Arabian Grand Prix,2021-12-05,jeddah,ricciardo,RIC,Daniel,Ricciardo,mclaren,McLaren,11,5,10.0,Finished
2021_21,2021,21,Saudi Arabian Grand Prix,2021-12-05,jeddah,gasly,GAS,Pierre,Gasly,alphatauri,AlphaTauri,6,6,8.0,Finished
2021_21,2021,21,Saudi Arabian Grand Prix,2021-12-05,jeddah,leclerc,LEC,Charles,Leclerc,ferrari,Ferrari,4,7,6.0,Finished
2021_21,2021,21,Saudi Arabian Grand Prix,2021-12-05,jeddah,sainz,SAI,Carlos,Sainz,ferrari,Ferrari,15,8,4.0,Finished
2021_21,2021,21,Saudi Arabian Grand Prix,2021-12-05,jeddah,giovinazzi,GIO,Antonio,Giovinazzi,alfa,Alfa Romeo,10,9,2.0,Finished
2021_21,2021,21,Saudi Arabian Grand Prix,2021-12-05,jeddah,norris,NOR,Lando,Norris,mclaren,McLaren,7,10,1.0,Finished
2021_21,2021,21,Saudi Arabian Grand Prix,2021-12-05,jeddah,stroll,STR,Lance,Stroll,aston_martin,Aston Martin,18,11,0.0,Finished
2021_21,2021,21,Saudi Arabian Grand Prix,2021-12-05,jeddah,latifi,LAT,Nicholas,Latifi,williams,Williams,16,12,0.0,Finished
2021_21,2021,21,Saudi Arabian Grand Prix,2021-12-05,jeddah,alonso,ALO,Fernando,Alonso,alpine,Alpine F1 Team,13,13,0.0,+1 Lap
2021_21,2021,21,Saudi Arabian Grand Prix,2021-12-05,jeddah,tsunoda,TSU,Yuki,Tsunoda,alphatauri,AlphaTauri,8,14,0.0,+1 Lap
2021_21,2021,21,Saudi Arabian Grand Prix,2021-12-05,jeddah,raikkonen,RAI,Kimi,Räikkönen,alfa,Alfa Romeo,12,15,0.0,+1 Lap
2021_21,2021,21,Saudi Arabian Grand Prix,2021-12-05,jeddah,vettel,VET,Sebastian,Vettel,aston_martin,Aston Martin,17,16,0.0,Collision damage
2021_21,2021,21,Saudi Arabian Grand Prix,2021-12-05,jeddah,perez,PER,Sergio,Pérez,red_bull,Red Bull,5,17,0.0,Collision
2021_21,2021,21,Saudi Arabian Grand Prix,2021-12-05,jeddah,mazepin,MAZ,Nikita,Mazepin,haas,Haas F1 Team,20,18,0.0,Collision
2021_21,2021,21,Saudi Arabian Grand Prix,2021-12-05,jeddah,russell,RUS,George,Russell,williams,Williams,14,19,0.0,Collision
2021_21,2021,21,Saudi Arabian Grand Prix,2021-12-05,jeddah,mick_schumacher,MSC,Mick,Schumacher,haas,Haas F1 Team,19,20,0.0,Accident
2021_22,2021,22,Abu Dhabi Grand Prix,2021-12-12,yas_marina,max_verstappen,VER,Max,Verstappen,red_bull,Red Bull,1,1,26.0,Finished
2021_22,2021,22,Abu Dhabi Grand Prix,2021-12-12,yas_marina,hamilton,HAM,Lewis,Hamilton,mercedes,Mercedes,2,2,18.0,Finished
2021_22,2021,22,Abu Dhabi Grand Prix,2021-12-12,yas_marina,sainz,SAI,Carlos,Sainz,ferrari,Ferrari,5,3,15.0,Finished
2021_22,2021,22,Abu Dhabi Grand Prix,2021-12-12,yas_marina,tsunoda,TSU,Yuki,Tsunoda,alphatauri,AlphaTauri,8,4,12.0,Finished
2021_22,2021,22,Abu Dhabi Grand Prix,2021-12-12,yas_marina,gasly,GAS,Pierre,Gasly,alphatauri,AlphaTauri,12,5,10.0,Finished
2021_22,2021,22,Abu Dhabi Grand Prix,2021-12-12,yas_marina,bottas,BOT,Valtteri,Bottas,mercedes,Mercedes,6,6,8.0,Finished
2021_22,2021,22,Abu Dhabi Grand Prix,2021-12-12,yas_marina,norris,NOR,Lando,Norris,mclaren,McLaren,3,7,6.0,Finished
2021_22,2021,22,Abu Dhabi Grand Prix,2021-12-12,yas_marina,alonso,ALO,Fernando,Alonso,alpine,Alpine F1 Team,11,8,4.0,Finished
2021_22,2021,22,Abu Dhabi Grand Prix,2021-12-12,yas_marina,ocon,OCO,Esteban,Ocon,alpine,Alpine F1 Team,9,9,2.0,Finished
2021_22,2021,22,Abu Dhabi Grand Prix,2021-12-12,yas_marina,leclerc,LEC,Charles,Leclerc,ferrari,Ferrari,7,10,1.0,Finished
2021_22,2021,22,Abu Dhabi Grand Prix,2021-12-12,yas_marina,vettel,VET,Sebastian,Vettel,aston_martin,Aston Martin,15,11,0.0,Finished
2021_22,2021,22,Abu Dhabi Grand Prix,2021-12-12,yas_marina,ricciardo,RIC,Daniel,Ricciardo,mclaren,McLaren,10,12,0.0,+1 Lap
2021_22,2021,22,Abu Dhabi Grand Prix,2021-12-12,yas_marina,stroll,STR,Lance,Stroll,aston_martin,Aston Martin,13,13,0.0,+1 Lap
2021_22,2021,22,Abu Dhabi Grand Prix,2021-12-12,yas_marina,mick_schumacher,MSC,Mick,Schumacher,haas,Haas F1 Team,19,14,0.0,+1 Lap
2021_22,2021,22,Abu Dhabi Grand Prix,2021-12-12,yas_marina,perez,PER,Sergio,Pérez,red_bull,Red Bull,4,15,0.0,Engine
2021_22,2021,22,Abu Dhabi Grand Prix,2021-12-12,yas_marina,latifi,LAT,Nicholas,Latifi,williams,Williams,16,16,0.0,Accident
2021_22,2021,22,Abu Dhabi Grand Prix,2021-12-12,yas_marina,giovinazzi,GIO,Antonio,Giovinazzi,alfa,Alfa Romeo,14,17,0.0,Gearbox
2021_22,2021,22,Abu Dhabi Grand Prix,2021-12-12,yas_marina,russell,RUS,George,Russell,williams,Williams,17,18,0.0,Gearbox
2021_22,2021,22,Abu Dhabi Grand Prix,2021-12-12,yas_marina,raikkonen,RAI,Kimi,Räikkönen,alfa,Alfa Romeo,18,19,0.0,Brakes
2021_22,2021,22,Abu Dhabi Grand Prix,2021-12-12,yas_marina,mazepin,MAZ,Nikita,Mazepin,haas,Haas F1 Team,20,20,0.0,Illness
2022_1,2022,1,Bahrain Grand Prix,2022-03-20,bahrain,leclerc,LEC,Charles,Leclerc,ferrari,Ferrari,1,1,26.0,Finished
2022_1,2022,1,Bahrain Grand Prix,2022-03-20,bahrain,sainz,SAI,Carlos,Sainz,ferrari,Ferrari,3,2,18.0,Finished
2022_1,2022,1,Bahrain Grand Prix,2022-03-20,bahrain,hamilton,HAM,Lewis,Hamilton,mercedes,Mercedes,5,3,15.0,Finished
2022_1,2022,1,Bahrain Grand Prix,2022-03-20,bahrain,russell,RUS,George,Russell,mercedes,Mercedes,9,4,12.0,Finished
2022_1,2022,1,Bahrain Grand Prix,2022-03-20,bahrain,kevin_magnussen,MAG,Kevin,Magnussen,haas,Haas F1 Team,7,5,10.0,Finished
2022_1,2022,1,Bahrain Grand Prix,2022-03-20,bahrain,bottas,BOT,Valtteri,Bottas,alfa,Alfa Romeo,6,6,8.0,Finished
2022_1,2022,1,Bahrain Grand Prix,2022-03-20,bahrain,ocon,OCO,Esteban,Ocon,alpine,Alpine F1 Team,11,7,6.0,Finished
2022_1,2022,1,Bahrain Grand Prix,2022-03-20,bahrain,tsunoda,TSU,Yuki,Tsunoda,alphatauri,AlphaTauri,16,8,4.0,Finished
2022_1,2022,1,Bahrain Grand Prix,2022-03-20,bahrain,alonso,ALO,Fernando,Alonso,alpine,Alpine F1 Team,8,9,2.0,Finished
2022_1,2022,1,Bahrain Grand Prix,2022-03-20,bahrain,zhou,ZHO,Guanyu,Zhou,alfa,Alfa Romeo,15,10,1.0,Finished
2022_1,2022,1,Bahrain Grand Prix,2022-03-20,bahrain,mick_schumacher,MSC,Mick,Schumacher,haas,Haas F1 Team,12,11,0.0,Finished
2022_1,2022,1,Bahrain Grand Prix,2022-03-20,bahrain,stroll,STR,Lance,Stroll,aston_martin,Aston Martin,19,12,0.0,Finished
2022_1,2022,1,Bahrain Grand Prix,2022-03-20,bahrain,albon,ALB,Alexander,Albon,williams,Williams,14,13,0.0,Finished
2022_1,2022,1,Bahrain Grand Prix,2022-03-20,bahrain,ricciardo,RIC,Daniel,Ricciardo,mclaren,McLaren,18,14,0.0,Finished
2022_1,2022,1,Bahrain Grand Prix,2022-03-20,bahrain,norris,NOR,Lando,Norris,mclaren,McLaren,13,15,0.0,Finished
2022_1,2022,1,Bahrain Grand Prix,2022-03-20,bahrain,latifi,LAT,Nicholas,Latifi,williams,Williams,20,16,0.0,Finished
2022_1,2022,1,Bahrain Grand Prix,2022-03-20,bahrain,hulkenberg,HUL,Nico,Hülkenberg,aston_martin,Aston Martin,17,17,0.0,Finished
2022_1,2022,1,Bahrain Grand Prix,2022-03-20,bahrain,perez,PER,Sergio,Pérez,red_bull,Red Bull,4,18,0.0,Fuel pressure
2022_1,2022,1,Bahrain Grand Prix,2022-03-20,bahrain,max_verstappen,VER,Max,Verstappen,red_bull,Red Bull,2,19,0.0,Fuel pressure
2022_1,2022,1,Bahrain Grand Prix,2022-03-20,bahrain,gasly,GAS,Pierre,Gasly,alphatauri,AlphaTauri,10,20,0.0,Power Unit
2022_2,2022,2,Saudi Arabian Grand Prix,2022-03-27,jeddah,max_verstappen,VER,Max,Verstappen,red_bull,Red Bull,4,1,25.0,Finished
2022_2,2022,2,Saudi Arabian Grand Prix,2022-03-27,jeddah,leclerc,LEC,Charles,Leclerc,ferrari,Ferrari,2,2,19.0,Finished
2022_2,2022,2,Saudi Arabian Grand Prix,2022-03-27,jeddah,sainz,SAI,Carlos,Sainz,ferrari,Ferrari,3,3,15.0,Finished
2022_2,2022,2,Saudi Arabian Grand Prix,2022-03-27,jeddah,perez,PER,Sergio,Pérez,red_bull,Red Bull,1,4,12.0,Finished
2022_2,2022,2,Saudi Arabian Grand Prix,2022-03-27,jeddah,russell,RUS,George,Russell,mercedes,Mercedes,6,5,10.0,Finished
2022_2,2022,2,Saudi Arabian Grand Prix,2022-03-27,jeddah,ocon,OCO,Esteban,Ocon,alpine,Alpine F1 Team,5,6,8.0,Finished
2022_2,2022,2,Saudi Arabian Grand Prix,2022-03-27,jeddah,norris,NOR,Lando,Norris,mclaren,McLaren,11,7,6.0,Finished
2022_2,2022,2,Saudi Arabian Grand Prix,2022-03-27,jeddah,gasly,GAS,Pierre,Gasly,alphatauri,AlphaTauri,9,8,4.0,Finished
2022_2,2022,2,Saudi Arabian Grand Prix,2022-03-27,jeddah,kevin_magnussen,MAG,Kevin,Magnussen,haas,Haas F1 Team,10,9,2.0,Finished
2022_2,2022,2,Saudi Arabian Grand Prix,2022-03-27,jeddah,hamilton,HAM,Lewis,Hamilton,mercedes,Mercedes,15,10,1.0,Finished
2022_2,2022,2,Saudi Arabian Grand Prix,2022-03-27,jeddah,zhou,ZHO,Guanyu,Zhou,alfa,Alfa Romeo,12,11,0.0,Finished
2022_2,2022,2,Saudi Arabian Grand Prix,2022-03-27,jeddah,hulkenberg,HUL,Nico,Hülkenberg,aston_martin,Aston Martin,17,12,0.0,Finished
2022_2,2022,2,Saudi Arabian Grand Prix,2022-03-27,jeddah,stroll,STR,Lance,Stroll,aston_martin,Aston Martin,13,13,0.0,+1 Lap
2022_2,2022,2,Saudi Arabian Grand Prix,2022-03-27,jeddah,albon,ALB,Alexander,Albon,williams,Williams,16,14,0.0,Collision damage
2022_2,2022,2,Saudi Arabian Grand Prix,2022-03-27,jeddah,bottas,BOT,Valtteri,Bottas,alfa,Alfa Romeo,8,15,0.0,Cooling system
2022_2,2022,2,Saudi Arabian Grand Prix,2022-03-27,jeddah,alonso,ALO,Fernando,Alonso,alpine,Alpine F1 Team,7,16,0.0,Water pump
2022_2,2022,2,Saudi Arabian Grand Prix,2022-03-27,jeddah,ricciardo,RIC,Daniel,Ricciardo,mclaren,McLaren,14,17,0.0,Gearbox
2022_2,2022,2,Saudi Arabian Grand Prix,2022-03-27,jeddah,latifi,LAT,Nicholas,Latifi,williams,Williams,18,18,0.0,Accident
2022_2,2022,2,Saudi Arabian Grand Prix,2022-03-27,jeddah,tsunoda,TSU,Yuki,Tsunoda,alphatauri,AlphaTauri,19,19,0.0,Power Unit
2022_2,2022,2,Saudi Arabian Grand Prix,2022-03-27,jeddah,mick_schumacher,MSC,Mick,Schumacher,haas,Haas F1 Team,0,20,0.0,Withdrew
2022_3,2022,3,Australian Grand Prix,2022-04-10,albert_park,leclerc,LEC,Charles,Leclerc,ferrari,Ferrari,1,1,26.0,Finished
2022_3,2022,3,Australian Grand Prix,2022-04-10,albert_park,perez,PER,Sergio,Pérez,red_bull,Red Bull,3,2,18.0,Finished
2022_3,2022,3,Australian Grand Prix,2022-04-10,albert_park,russell,RUS,George,Russell,mercedes,Mercedes,6,3,15.0,Finished
2022_3,2022,3,Australian Grand Prix,2022-04-10,albert_park,hamilton,HAM,Lewis,Hamilton,mercedes,Mercedes,5,4,12.0,Finished
2022_3,2022,3,Australian Grand Prix,2022-04-10,albert_park,norris,NOR,Lando,Norris,mclaren,McLaren,4,5,10.0,Finished
2022_3,2022,3,Australian Grand Prix,2022-04-10,albert_park,ricciardo,RIC,Daniel,Ricciardo,mclaren,McLaren,7,6,8.0,Finished
2022_3,2022,3,Australian Grand Prix,2022-04-10,albert_park,ocon,OCO,Esteban,Ocon,alpine,Alpine F1 Team,8,7,6.0,Finished
2022_3,2022,3,Australian Grand Prix,2022-04-10,albert_park,bottas,BOT,Valtteri,Bottas,alfa,Alfa Romeo,12,8,4.0,Finished
2022_3,2022,3,Australian Grand Prix,2022-04-10,albert_park,gasly,GAS,Pierre,Gasly,alphatauri,AlphaTauri,11,9,2.0,Finished
2022_3,2022,3,Australian Grand Prix,2022-04-10,albert_park,albon,ALB,Alexander,Albon,williams,Williams,20,10,1.0,Finished
2022_3,2022,3,Australian Grand Prix,2022-04-10,albert_park,zhou,ZHO,Guanyu,Zhou,alfa,Alfa Romeo,14,11,0.0,Finished
2022_3,2022,3,Australian Grand Prix,2022-04-10,albert_park,stroll,STR,Lance,Stroll,aston_martin,Aston Martin,19,12,0.0,Finished
2022_3,2022,3,Australian Grand Prix,2022-04-10,albert_park,mick_schumacher,MSC,Mick,Schumacher,haas,Haas F1 Team,15,13,0.0,+1 Lap
2022_3,2022,3,Australian Grand Prix,2022-04-10,albert_park,kevin_magnussen,MAG,Kevin,Magnussen,haas,Haas F1 Team,16,14,0.0,+1 Lap
2022_3,2022,3,Australian Grand Prix,2022-04-10,albert_park,tsunoda,TSU,Yuki,Tsunoda,alphatauri,AlphaTauri,13,15,0.0,+1 Lap
2022_3,2022,3,Australian Grand Prix,2022-04-10,albert_park,latifi,LAT,Nicholas,Latifi,williams,Williams,18,16,0.0,+1 Lap
2022_3,2022,3,Australian Grand Prix,2022-04-10,albert_park,alonso,ALO,Fernando,Alonso,alpine,Alpine F1 Team,10,17,0.0,+1 Lap
2022_3,2022,3,Australian Grand Prix,2022-04-10,albert_park,max_verstappen,VER,Max,Verstappen,red_bull,Red Bull,2,18,0.0,Fuel leak
2022_3,2022,3,Australian Grand Prix,2022-04-10,albert_park,vettel,VET,Sebastian,Vettel,aston_martin,Aston Martin,17,19,0.0,Accident
2022_3,2022,3,Australian Grand Prix,2022-04-10,albert_park,sainz,SAI,Carlos,Sainz,ferrari,Ferrari,9,20,0.0,Spun off
2022_4,2022,4,Emilia Romagna Grand Prix,2022-04-24,imola,max_verstappen,VER,Max,Verstappen,red_bull,Red Bull,1,1,26.0,Finished
2022_4,2022,4,Emilia Romagna Grand Prix,2022-04-24,imola,perez,PER,Sergio,Pérez,red_bull,Red Bull,3,2,18.0,Finished
2022_4,2022,4,Emilia Romagna Grand Prix,2022-04-24,imola,norris,NOR,Lando,Norris,mclaren,McLaren,5,3,15.0,Finished
2022_4,2022,4,Emilia Romagna Grand Prix,2022-04-24,imola,russell,RUS,George,Russell,mercedes,Mercedes,11,4,12.0,Finished
2022_4,2022,4,Emilia Romagna Grand Prix,2022-04-24,imola,bottas,BOT,Valtteri,Bottas,alfa,Alfa Romeo,7,5,10.0,Finished
2022_4,2022,4,Emilia Romagna Grand Prix,2022-04-24,imola,leclerc,LEC,Charles,Leclerc,ferrari,Ferrari,2,6,8.0,Finished
2022_4,2022,4,Emilia Romagna Grand Prix,2022-04-24,imola,tsunoda,TSU,Yuki,Tsunoda,alphatauri,AlphaTauri,12,7,6.0,Finished
2022_4,2022,4,Emilia Romagna Grand Prix,2022-04-24,imola,vettel,VET,Sebastian,Vettel,aston_martin,Aston Martin,13,8,4.0,Finished
2022_4,2022,4,Emilia Romagna Grand Prix,2022-04-24,imola,kevin_magnussen,MAG,Kevin,Magnussen,haas,Haas F1 Team,8,9,2.0,Finished
2022_4,2022,4,Emilia Romagna Grand Prix,2022-04-24,imola,stroll,STR,Lance,Stroll,aston_martin,Aston Martin,15,10,1.0,+1 Lap
2022_4,2022,4,Emilia Romagna Grand Prix,2022-04-24,imola,albon,ALB,Alexander,Albon,williams,Williams,18,11,0.0,+1 Lap
2022_4,2022,4,Emilia Romagna Grand Prix,2022-04-24,imola,gasly,GAS,Pierre,Gasly,alphatauri,AlphaTauri,17,12,0.0,+1 Lap
2022_4,2022,4,Emilia Romagna Grand Prix,2022-04-24,imola,hamilton,HAM,Lewis,Hamilton,mercedes,Mercedes,14,13,0.0,+1 Lap
2022_4,2022,4,Emilia Romagna Grand Prix,2022-04-24,imola,ocon,OCO,Esteban,Ocon,alpine,Alpine F1 Team,16,14,0.0,+1 Lap
2022_4,2022,4,Emilia Romagna Grand Prix,2022-04-24,imola,zhou,ZHO,Guanyu,Zhou,alfa,Alfa Romeo,0,15,0.0,+1 Lap
2022_4,2022,4,Emilia Romagna Grand Prix,2022-04-24,imola,latifi,LAT,Nicholas,Latifi,williams,Williams,19,16,0.0,+1 Lap
2022_4,2022,4,Emilia Romagna Grand Prix,2022-04-24,imola,mick_schumacher,MSC,Mick,Schumacher,haas,Haas F1 Team,10,17,0.0,+1 Lap
2022_4,2022,4,Emilia Romagna Grand Prix,2022-04-24,imola,ricciardo,RIC,Daniel,Ricciardo,mclaren,McLaren,6,18,0.0,+1 Lap
2022_4,2022,4,Emilia Romagna Grand Prix,2022-04-24,imola,alonso,ALO,Fernando,Alonso,alpine,Alpine F1 Team,9,19,0.0,Collision damage
2022_4,2022,4,Emilia Romagna Grand Prix,2022-04-24,imola,sainz,SAI,Carlos,Sainz,ferrari,Ferrari,4,20,0.0,Collision
2022_5,2022,5,Miami Grand Prix,2022-05-08,miami,max_verstappen,VER,Max,Verstappen,red_bull,Red Bull,3,1,26.0,Finished
2022_5,2022,5,Miami Grand Prix,2022-05-08,miami,leclerc,LEC,Charles,Leclerc,ferrari,Ferrari,1,2,18.0,Finished
2022_5,2022,5,Miami Grand Prix,2022-05-08,miami,sainz,SAI,Carlos,Sainz,ferrari,Ferrari,2,3,15.0,Finished
2022_5,2022,5,Miami Grand Prix,2022-05-08,miami,perez,PER,Sergio,Pérez,red_bull,Red Bull,4,4,12.0,Finished
2022_5,2022,5,Miami Grand Prix,2022-05-08,miami,russell,RUS,George,Russell,mercedes,Mercedes,12,5,10.0,Finished
2022_5,2022,5,Miami Grand Prix,2022-05-08,miami,hamilton,HAM,Lewis,Hamilton,mercedes,Mercedes,6,6,8.0,Finished
2022_5,2022,5,Miami Grand Prix,2022-05-08,miami,bottas,BOT,Valtteri,Bottas,alfa,Alfa Romeo,5,7,6.0,Finished
2022_5,2022,5,Miami Grand Prix,2022-05-08,miami,ocon,OCO,Esteban,Ocon,alpine,Alpine F1 Team,20,8,4.0,Finished
2022_5,2022,5,Miami Grand Prix,2022-05-08,miami,albon,ALB,Alexander,Albon,williams,Williams,18,9,2.0,Finished
2022_5,2022,5,Miami Grand Prix,2022-05-08,miami,stroll,STR,Lance,Stroll,aston_martin,Aston Martin,0,10,1.0,Finished
2022_5,2022,5,Miami Grand Prix,2022-05-08,miami,alonso,ALO,Fernando,Alonso,alpine,Alpine F1 Team,11,11,0.0,Finished
2022_5,2022,5,Miami Grand Prix,2022-05-08,miami,tsunoda,TSU,Yuki,Tsunoda,alphatauri,AlphaTauri,9,12,0.0,Finished
2022_5,2022,5,Miami Grand Prix,2022-05-08,miami,ricciardo,RIC,Daniel,Ricciardo,mclaren,McLaren,14,13,0.0,Finished
2022_5,2022,5,Miami Grand Prix,2022-05-08,miami,latifi,LAT,Nicholas,Latifi,williams,Williams,19,14,0.0,Finished
2022_5,2022,5,Miami Grand Prix,2022-05-08,miami,mick_schumacher,MSC,Mick,Schumacher,haas,Haas F1 Team,15,15,0.0,Finished
2022_5,2022,5,Miami Grand Prix,2022-05-08,miami,kevin_magnussen,MAG,Kevin,Magnussen,haas,Haas F1 Team,16,16,0.0,Front wing
2022_5,2022,5,Miami Grand Prix,2022-05-08,miami,vettel,VET,Sebastian,Vettel,aston_martin,Aston Martin,0,17,0.0,Collision
2022_5,2022,5,Miami Grand Prix,2022-05-08,miami,gasly,GAS,Pierre,Gasly,alphatauri,AlphaTauri,7,18,0.0,Suspension
2022_5,2022,5,Miami Grand Prix,2022-05-08,miami,norris,NOR,Lando,Norris,mclaren,McLaren,8,19,0.0,Collision
2022_5,2022,5,Miami Grand Prix,2022-05-08,miami,zhou,ZHO,Guanyu,Zhou,alfa,Alfa Romeo,17,20,0.0,Water leak
2022_6,2022,6,Spanish Grand Prix,2022-05-22,catalunya,max_verstappen,VER,Max,Verstappen,red_bull,Red Bull,2,1,25.0,Finished
2022_6,2022,6,Spanish Grand Prix,2022-05-22,catalunya,perez,PER,Sergio,Pérez,red_bull,Red Bull,5,2,19.0,Finished
2022_6,2022,6,Spanish Grand Prix,2022-05-22,catalunya,russell,RUS,George,Russell,mercedes,Mercedes,4,3,15.0,Finished
2022_6,2022,6,Spanish Grand Prix,2022-05-22,catalunya,sainz,SAI,Carlos,Sainz,ferrari,Ferrari,3,4,12.0,Finished
2022_6,2022,6,Spanish Grand Prix,2022-05-22,catalunya,hamilton,HAM,Lewis,Hamilton,mercedes,Mercedes,6,5,10.0,Finished
2022_6,2022,6,Spanish Grand Prix,2022-05-22,catalunya,bottas,BOT,Valtteri,Bottas,alfa,Alfa Romeo,7,6,8.0,Finished
2022_6,2022,6,Spanish Grand Prix,2022-05-22,catalunya,ocon,OCO,Esteban,Ocon,alpine,Alpine F1 Team,12,7,6.0,Finished
2022_6,2022,6,Spanish Grand Prix,2022-05-22,catalunya,norris,NOR,Lando,Norris,mclaren,McLaren,11,8,4.0,Finished
2022_6,2022,6,Spanish Grand Prix,2022-05-22,catalunya,alonso,ALO,Fernando,Alonso,alpine,Alpine F1 Team,20,9,2.0,+1 Lap
2022_6,2022,6,Spanish Grand Prix,2022-05-22,catalunya,tsunoda,TSU,Yuki,Tsunoda,alphatauri,AlphaTauri,13,10,1.0,+1 Lap
2022_6,2022,6,Spanish Grand Prix,2022-05-22,catalunya,vettel,VET,Sebastian,Vettel,aston_martin,Aston Martin,16,11,0.0,+1 Lap
2022_6,2022,6,Spanish Grand Prix,2022-05-22,catalunya,ricciardo,RIC,Daniel,Ricciardo,mclaren,McLaren,9,12,0.0,+1 Lap
2022_6,2022,6,Spanish Grand Prix,2022-05-22,catalunya,gasly,GAS,Pierre,Gasly,alphatauri,AlphaTauri,14,13,0.0,+1 Lap
2022_6,2022,6,Spanish Grand Prix,2022-05-22,catalunya,mick_schumacher,MSC,Mick,Schumacher,haas,Haas F1 Team,10,14,0.0,+1 Lap
2022_6,2022,6,Spanish Grand Prix,2022-05-22,catalunya,stroll,STR,Lance,Stroll,aston_martin,Aston Martin,17,15,0.0,+1 Lap
2022_6,2022,6,Spanish Grand Prix,2022-05-22,catalunya,latifi,LAT,Nicholas,Latifi,williams,Williams,19,16,0.0,+2 Laps
2022_6,2022,6,Spanish Grand Prix,2022-05-22,catalunya,kevin_magnussen,MAG,Kevin,Magnussen,haas,Haas F1 Team,8,17,0.0,+2 Laps
2022_6,2022,6,Spanish Grand Prix,2022-05-22,catalunya,albon,ALB,Alexander,Albon,williams,Williams,18,18,0.0,+2 Laps
2022_6,2022,6,Spanish Grand Prix,2022-05-22,catalunya,zhou,ZHO,Guanyu,Zhou,alfa,Alfa Romeo,15,19,0.0,Power loss
2022_6,2022,6,Spanish Grand Prix,2022-05-22,catalunya,leclerc,LEC,Charles,Leclerc,ferrari,Ferrari,1,20,0.0,Turbo
2022_7,2022,7,Monaco Grand Prix,2022-05-29,monaco,perez,PER,Sergio,Pérez,red_bull,Red Bull,3,1,25.0,Finished
2022_7,2022,7,Monaco Grand Prix,2022-05-29,monaco,sainz,SAI,Carlos,Sainz,ferrari,Ferrari,2,2,18.0,Finished
2022_7,2022,7,Monaco Grand Prix,2022-05-29,monaco,max_verstappen,VER,Max,Verstappen,red_bull,Red Bull,4,3,15.0,Finished
2022_7,2022,7,Monaco Grand Prix,2022-05-29,monaco,leclerc,LEC,Charles,Leclerc,ferrari,Ferrari,1,4,12.0,Finished
2022_7,2022,7,Monaco Grand Prix,2022-05-29,monaco,russell,RUS,George,Russell,mercedes,Mercedes,6,5,10.0,Finished
2022_7,2022,7,Monaco Grand Prix,2022-05-29,monaco,norris,NOR,Lando,Norris,mclaren,McLaren,5,6,9.0,Finished
2022_7,2022,7,Monaco Grand Prix,2022-05-29,monaco,alonso,ALO,Fernando,Alonso,alpine,Alpine F1 Team,7,7,6.0,Finished
2022_7,2022,7,Monaco Grand Prix,2022-05-29,monaco,hamilton,HAM,Lewis,Hamilton,mercedes,Mercedes,8,8,4.0,Finished
2022_7,2022,7,Monaco Grand Prix,2022-05-29,monaco,bottas,BOT,Valtteri,Bottas,alfa,Alfa Romeo,12,9,2.0,Finished
2022_7,2022,7,Monaco Grand Prix,2022-05-29,monaco,vettel,VET,Sebastian,Vettel,aston_martin,Aston Martin,9,10,1.0,Finished
2022_7,2022,7,Monaco Grand Prix,2022-05-29,monaco,gasly,GAS,Pierre,Gasly,alphatauri,AlphaTauri,17,11,0.0,Finished
2022_7,2022,7,Monaco Grand Prix,2022-05-29,monaco,ocon,OCO,Esteban,Ocon,alpine,Alpine F1 Team,10,12,0.0,Finished
2022_7,2022,7,Monaco Grand Prix,2022-05-29,monaco,ricciardo,RIC,Daniel,Ricciardo,mclaren,McLaren,14,13,0.0,Finished
2022_7,2022,7,Monaco Grand Prix,2022-05-29,monaco,stroll,STR,Lance,Stroll,aston_martin,Aston Martin,18,14,0.0,Finished
2022_7,2022,7,Monaco Grand Prix,2022-05-29,monaco,latifi,LAT,Nicholas,Latifi,williams,Williams,19,15,0.0,+1 Lap
2022_7,2022,7,Monaco Grand Prix,2022-05-29,monaco,zhou,ZHO,Guanyu,Zhou,alfa,Alfa Romeo,20,16,0.0,+1 Lap
2022_7,2022,7,Monaco Grand Prix,2022-05-29,monaco,tsunoda,TSU,Yuki,Tsunoda,alphatauri,AlphaTauri,11,17,0.0,+1 Lap
2022_7,2022,7,Monaco Grand Prix,2022-05-29,monaco,albon,ALB,Alexander,Albon,williams,Williams,16,18,0.0,Mechanical
2022_7,2022,7,Monaco Grand Prix,2022-05-29,monaco,mick_schumacher,MSC,Mick,Schumacher,haas,Haas F1 Team,15,19,0.0,Accident
2022_7,2022,7,Monaco Grand Prix,2022-05-29,monaco,kevin_magnussen,MAG,Kevin,Magnussen,haas,Haas F1 Team,13,20,0.0,Water pressure
2022_8,2022,8,Azerbaijan Grand Prix,2022-06-12,baku,max_verstappen,VER,Max,Verstappen,red_bull,Red Bull,3,1,25.0,Finished
2022_8,2022,8,Azerbaijan Grand Prix,2022-06-12,baku,perez,PER,Sergio,Pérez,red_bull,Red Bull,2,2,19.0,Finished
2022_8,2022,8,Azerbaijan Grand Prix,2022-06-12,baku,russell,RUS,George,Russell,mercedes,Mercedes,5,3,15.0,Finished
2022_8,2022,8,Azerbaijan Grand Prix,2022-06-12,baku,hamilton,HAM,Lewis,Hamilton,mercedes,Mercedes,7,4,12.0,Finished
2022_8,2022,8,Azerbaijan Grand Prix,2022-06-12,baku,gasly,GAS,Pierre,Gasly,alphatauri,AlphaTauri,6,5,10.0,Finished
2022_8,2022,8,Azerbaijan Grand Prix,2022-06-12,baku,vettel,VET,Sebastian,Vettel,aston_martin,Aston Martin,9,6,8.0,Finished
2022_8,2022,8,Azerbaijan Grand Prix,2022-06-12,baku,alonso,ALO,Fernando,Alonso,alpine,Alpine F1 Team,10,7,6.0,Finished
2022_8,2022,8,Azerbaijan Grand Prix,2022-06-12,baku,ricciardo,RIC,Daniel,Ricciardo,mclaren,McLaren,12,8,4.0,Finished
2022_8,2022,8,Azerbaijan Grand Prix,2022-06-12,baku,norris,NOR,Lando,Norris,mclaren,McLaren,11,9,2.0,Finished
2022_8,2022,8,Azerbaijan Grand Prix,2022-06-12,baku,ocon,OCO,Esteban,Ocon,alpine,Alpine F1 Team,13,10,1.0,Finished
2022_8,2022,8,Azerbaijan Grand Prix,2022-06-12,baku,bottas,BOT,Valtteri,Bottas,alfa,Alfa Romeo,15,11,0.0,+1 Lap
2022_8,2022,8,Azerbaijan Grand Prix,2022-06-12,baku,albon,ALB,Alexander,Albon,williams,Williams,17,12,0.0,+1 Lap
2022_8,2022,8,Azerbaijan Grand Prix,2022-06-12,baku,tsunoda,TSU,Yuki,Tsunoda,alphatauri,AlphaTauri,8,13,0.0,+1 Lap
2022_8,2022,8,Azerbaijan Grand Prix,2022-06-12,baku,mick_schumacher,MSC,Mick,Schumacher,haas,Haas F1 Team,20,14,0.0,+1 Lap
2022_8,2022,8,Azerbaijan Grand Prix,2022-06-12,baku,latifi,LAT,Nicholas,Latifi,williams,Williams,18,15,0.0,+1 Lap
2022_8,2022,8,Azerbaijan Grand Prix,2022-06-12,baku,stroll,STR,Lance,Stroll,aston_martin,Aston Martin,19,16,0.0,Vibrations
2022_8,2022,8,Azerbaijan Grand Prix,2022-06-12,baku,kevin_magnussen,MAG,Kevin,Magnussen,haas,Haas F1 Team,16,17,0.0,Power Unit
2022_8,2022,8,Azerbaijan Grand Prix,2022-06-12,baku,zhou,ZHO,Guanyu,Zhou,alfa,Alfa Romeo,14,18,0.0,Hydraulics
2022_8,2022,8,Azerbaijan Grand Prix,2022-06-12,baku,leclerc,LEC,Charles,Leclerc,ferrari,Ferrari,1,19,0.0,Power Unit
2022_8,2022,8,Azerbaijan Grand Prix,2022-06-12,baku,sainz,SAI,Carlos,Sainz,ferrari,Ferrari,4,20,0.0,Hydraulics
2022_9,2022,9,Canadian Grand Prix,2022-06-19,villeneuve,max_verstappen,VER,Max,Verstappen,red_bull,Red Bull,1,1,25.0,Finished
2022_9,2022,9,Canadian Grand Prix,2022-06-19,villeneuve,sainz,SAI,Carlos,Sainz,ferrari,Ferrari,3,2,19.0,Finished
2022_9,2022,9,Canadian Grand Prix,2022-06-19,villeneuve,hamilton,HAM,Lewis,Hamilton,mercedes,Mercedes,4,3,15.0,Finished
2022_9,2022,9,Canadian Grand Prix,2022-06-19,villeneuve,russell,RUS,George,Russell,mercedes,Mercedes,8,4,12.0,Finished
2022_9,2022,9,Canadian Grand Prix,2022-06-19,villeneuve,leclerc,LEC,Charles,Leclerc,ferrari,Ferrari,19,5,10.0,Finished
2022_9,2022,9,Canadian Grand Prix,2022-06-19,villeneuve,ocon,OCO,Esteban,Ocon,alpine,Alpine F1 Team,7,6,8.0,Finished
2022_9,2022,9,Canadian Grand Prix,2022-06-19,villeneuve,bottas,BOT,Valtteri,Bottas,alfa,Alfa Romeo,11,7,6.0,Finished
2022_9,2022,9,Canadian Grand Prix,2022-06-19,villeneuve,zhou,ZHO,Guanyu,Zhou,alfa,Alfa Romeo,10,8,4.0,Finished
2022_9,2022,9,Canadian Grand Prix,2022-06-19,villeneuve,alonso,ALO,Fernando,Alonso,alpine,Alpine F1 Team,2,9,2.0,Finished
2022_9,2022,9,Canadian Grand Prix,2022-06-19,villeneuve,stroll,STR,Lance,Stroll,aston_martin,Aston Martin,17,10,1.0,Finished
2022_9,2022,9,Canadian Grand Prix,2022-06-19,villeneuve,ricciardo,RIC,Daniel,Ricciardo,mclaren,McLaren,9,11,0.0,Finished
2022_9,2022,9,Canadian Grand Prix,2022-06-19,villeneuve,vettel,VET,Sebastian,Vettel,aston_martin,Aston Martin,16,12,0.0,Finished
2022_9,2022,9,Canadian Grand Prix,2022-06-19,villeneuve,albon,ALB,Alexander,Albon,williams,Williams,12,13,0.0,Finished
2022_9,2022,9,Canadian Grand Prix,2022-06-19,villeneuve,gasly,GAS,Pierre,Gasly,alphatauri,AlphaTauri,15,14,0.0,Finished
2022_9,2022,9,Canadian Grand Prix,2022-06-19,villeneuve,norris,NOR,Lando,Norris,mclaren,McLaren,14,15,0.0,Finished
2022_9,2022,9,Canadian Grand Prix,2022-06-19,villeneuve,latifi,LAT,Nicholas,Latifi,williams,Williams,18,16,0.0,Finished
2022_9,2022,9,Canadian Grand Prix,2022-06-19,villeneuve,kevin_magnussen,MAG,Kevin,Magnussen,haas,Haas F1 Team,5,17,0.0,Finished
2022_9,2022,9,Canadian Grand Prix,2022-06-19,villeneuve,tsunoda,TSU,Yuki,Tsunoda,alphatauri,AlphaTauri,20,18,0.0,Accident
2022_9,2022,9,Canadian Grand Prix,2022-06-19,villeneuve,mick_schumacher,MSC,Mick,Schumacher,haas,Haas F1 Team,6,19,0.0,Engine
2022_9,2022,9,Canadian Grand Prix,2022-06-19,villeneuve,perez,PER,Sergio,Pérez,red_bull,Red Bull,13,20,0.0,Gearbox
2022_10,2022,10,British Grand Prix,2022-07-03,silverstone,sainz,SAI,Carlos,Sainz,ferrari,Ferrari,1,1,25.0,Finished
2022_10,2022,10,British Grand Prix,2022-07-03,silverstone,perez,PER,Sergio,Pérez,red_bull,Red Bull,4,2,18.0,Finished
2022_10,2022,10,British Grand Prix,2022-07-03,silverstone,hamilton,HAM,Lewis,Hamilton,mercedes,Mercedes,5,3,16.0,Finished
2022_10,2022,10,British Grand Prix,2022-07-03,silverstone,leclerc,LEC,Charles,Leclerc,ferrari,Ferrari,3,4,12.0,Finished
2022_10,2022,10,British Grand Prix,2022-07-03,silverstone,alonso,ALO,Fernando,Alonso,alpine,Alpine F1 Team,7,5,10.0,Finished
2022_10,2022,10,British Grand Prix,2022-07-03,silverstone,norris,NOR,Lando,Norris,mclaren,McLaren,6,6,8.0,Finished
2022_10,2022,10,British Grand Prix,2022-07-03,silverstone,max_verstappen,VER,Max,Verstappen,red_bull,Red Bull,2,7,6.0,Finished
2022_10,2022,10,British Grand Prix,2022-07-03,silverstone,mick_schumacher,MSC,Mick,Schumacher,haas,Haas F1 Team,19,8,4.0,Finished
2022_10,2022,10,British Grand Prix,2022-07-03,silverstone,vettel,VET,Sebastian,Vettel,aston_martin,Aston Martin,18,9,2.0,Finished
2022_10,2022,10,British Grand Prix,2022-07-03,silverstone,kevin_magnussen,MAG,Kevin,Magnussen,haas,Haas F1 Team,17,10,1.0,Finished
2022_10,2022,10,British Grand Prix,2022-07-03,silverstone,stroll,STR,Lance,Stroll,aston_martin,Aston Martin,20,11,0.0,Finished
2022_10,2022,10,British Grand Prix,2022-07-03,silverstone,latifi,LAT,Nicholas,Latifi,williams,Williams,10,12,0.0,Finished
2022_10,2022,10,British Grand Prix,2022-07-03,silverstone,ricciardo,RIC,Daniel,Ricciardo,mclaren,McLaren,14,13,0.0,Finished
2022_10,2022,10,British Grand Prix,2022-07-03,silverstone,tsunoda,TSU,Yuki,Tsunoda,alphatauri,AlphaTauri,13,14,0.0,Finished
2022_10,2022,10,British Grand Prix,2022-07-03,silverstone,ocon,OCO,Esteban,Ocon,alpine,Alpine F1 Team,15,15,0.0,Fuel pump
2022_10,2022,10,British Grand Prix,2022-07-03,silverstone,gasly,GAS,Pierre,Gasly,alphatauri,AlphaTauri,11,16,0.0,Collision damage
2022_10,2022,10,British Grand Prix,2022-07-03,silverstone,bottas,BOT,Valtteri,Bottas,alfa,Alfa Romeo,12,17,0.0,Gearbox
2022_10,2022,10,British Grand Prix,2022-07-03,silverstone,russell,RUS,George,Russell,mercedes,Mercedes,8,18,0.0,Collision
2022_10,2022,10,British Grand Prix,2022-07-03,silverstone,zhou,ZHO,Guanyu,Zhou,alfa,Alfa Romeo,9,19,0.0,Collision
2022_10,2022,10,British Grand Prix,2022-07-03,silverstone,albon,ALB,Alexander,Albon,williams,Williams,16,20,0.0,Collision
2022_11,2022,11,Austrian Grand Prix,2022-07-10,red_bull_ring,leclerc,LEC,Charles,Leclerc,ferrari,Ferrari,2,1,25.0,Finished
2022_11,2022,11,Austrian Grand Prix,2022-07-10,red_bull_ring,max_verstappen,VER,Max,Verstappen,red_bull,Red Bull,1,2,19.0,Finished
2022_11,2022,11,Austrian Grand Prix,2022-07-10,red_bull_ring,hamilton,HAM,Lewis,Hamilton,mercedes,Mercedes,8,3,15.0,Finished
2022_11,2022,11,Austrian Grand Prix,2022-07-10,red_bull_ring,russell,RUS,George,Russell,mercedes,Mercedes,4,4,12.0,Finished
2022_11,2022,11,Austrian Grand Prix,2022-07-10,red_bull_ring,ocon,OCO,Esteban,Ocon,alpine,Alpine F1 Team,6,5,10.0,Finished
2022_11,2022,11,Austrian Grand Prix,2022-07-10,red_bull_ring,mick_schumacher,MSC,Mick,Schumacher,haas,Haas F1 Team,9,6,8.0,+1 Lap
2022_11,2022,11,Austrian Grand Prix,2022-07-10,red_bull_ring,norris,NOR,Lando,Norris,mclaren,McLaren,10,7,6.0,+1 Lap
2022_11,2022,11,Austrian Grand Prix,2022-07-10,red_bull_ring,kevin_magnussen,MAG,Kevin,Magnussen,haas,Haas F1 Team,7,8,4.0,+1 Lap
2022_11,2022,11,Austrian Grand Prix,2022-07-10,red_bull_ring,ricciardo,RIC,Daniel,Ricciardo,mclaren,McLaren,11,9,2.0,+1 Lap
2022_11,2022,11,Austrian Grand Prix,2022-07-10,red_bull_ring,alonso,ALO,Fernando,Alonso,alpine,Alpine F1 Team,19,10,1.0,+1 Lap
2022_11,2022,11,Austrian Grand Prix,2022-07-10,red_bull_ring,bottas,BOT,Valtteri,Bottas,alfa,Alfa Romeo,0,11,0.0,+1 Lap
2022_11,2022,11,Austrian Grand Prix,2022-07-10,red_bull_ring,albon,ALB,Alexander,Albon,williams,Williams,15,12,0.0,+1 Lap
2022_11,2022,11,Austrian Grand Prix,2022-07-10,red_bull_ring,stroll,STR,Lance,Stroll,aston_martin,Aston Martin,12,13,0.0,+1 Lap
2022_11,2022,11,Austrian Grand Prix,2022-07-10,red_bull_ring,zhou,ZHO,Guanyu,Zhou,alfa,Alfa Romeo,13,14,0.0,+1 Lap
2022_11,2022,11,Austrian Grand Prix,2022-07-10,red_bull_ring,gasly,GAS,Pierre,Gasly,alphatauri,AlphaTauri,14,15,0.0,+1 Lap
2022_11,2022,11,Austrian Grand Prix,2022-07-10,red_bull_ring,tsunoda,TSU,Yuki,Tsunoda,alphatauri,AlphaTauri,16,16,0.0,+1 Lap
2022_11,2022,11,Austrian Grand Prix,2022-07-10,red_bull_ring,vettel,VET,Sebastian,Vettel,aston_martin,Aston Martin,18,17,0.0,+1 Lap
2022_11,2022,11,Austrian Grand Prix,2022-07-10,red_bull_ring,sainz,SAI,Carlos,Sainz,ferrari,Ferrari,3,18,0.0,Power Unit
2022_11,2022,11,Austrian Grand Prix,2022-07-10,red_bull_ring,latifi,LAT,Nicholas,Latifi,williams,Williams,17,19,0.0,Undertray
2022_11,2022,11,Austrian Grand Prix,2022-07-10,red_bull_ring,perez,PER,Sergio,Pérez,red_bull,Red Bull,5,20,0.0,Collision damage
2022_12,2022,12,French Grand Prix,2022-07-24,ricard,max_verstappen,VER,Max,Verstappen,red_bull,Red Bull,2,1,25.0,Finished
2022_12,2022,12,French Grand Prix,2022-07-24,ricard,hamilton,HAM,Lewis,Hamilton,mercedes,Mercedes,4,2,18.0,Finished
2022_12,2022,12,French Grand Prix,2022-07-24,ricard,russell,RUS,George,Russell,mercedes,Mercedes,6,3,15.0,Finished
2022_12,2022,12,French Grand Prix,2022-07-24,ricard,perez,PER,Sergio,Pérez,red_bull,Red Bull,3,4,12.0,Finished
2022_12,2022,12,French Grand Prix,2022-07-24,ricard,sainz,SAI,Carlos,Sainz,ferrari,Ferrari,19,5,11.0,Finished
2022_12,2022,12,French Grand Prix,2022-07-24,ricard,alonso,ALO,Fernando,Alonso,alpine,Alpine F1 Team,7,6,8.0,Finished
2022_12,2022,12,French Grand Prix,2022-07-24,ricard,norris,NOR,Lando,Norris,mclaren,McLaren,5,7,6.0,Finished
2022_12,2022,12,French Grand Prix,2022-07-24,ricard,ocon,OCO,Esteban,Ocon,alpine,Alpine F1 Team,10,8,4.0,Finished
2022_12,2022,12,French Grand Prix,2022-07-24,ricard,ricciardo,RIC,Daniel,Ricciardo,mclaren,McLaren,9,9,2.0,Finished
2022_12,2022,12,French Grand Prix,2022-07-24,ricard,stroll,STR,Lance,Stroll,aston_martin,Aston Martin,15,10,1.0,Finished
2022_12,2022,12,French Grand Prix,2022-07-24,ricard,vettel,VET,Sebastian,Vettel,aston_martin,Aston Martin,12,11,0.0,Finished
2022_12,2022,12,French Grand Prix,2022-07-24,ricard,gasly,GAS,Pierre,Gasly,alphatauri,AlphaTauri,14,12,0.0,Finished
2022_12,2022,12,French Grand Prix,2022-07-24,ricard,albon,ALB,Alexander,Albon,williams,Williams,13,13,0.0,Finished
2022_12,2022,12,French Grand Prix,2022-07-24,ricard,bottas,BOT,Valtteri,Bottas,alfa,Alfa Romeo,11,14,0.0,Finished
2022_12,2022,12,French Grand Prix,2022-07-24,ricard,mick_schumacher,MSC,Mick,Schumacher,haas,Haas F1 Team,17,15,0.0,Finished
2022_12,2022,12,French Grand Prix,2022-07-24,ricard,zhou,ZHO,Guanyu,Zhou,alfa,Alfa Romeo,16,16,0.0,+6 Laps
2022_12,2022,12,French Grand Prix,2022-07-24,ricard,latifi,LAT,Nicholas,Latifi,williams,Williams,18,17,0.0,Collision damage
2022_12,2022,12,French Grand Prix,2022-07-24,ricard,kevin_magnussen,MAG,Kevin,Magnussen,haas,Haas F1 Team,20,18,0.0,Collision damage
2022_12,2022,12,French Grand Prix,2022-07-24,ricard,leclerc,LEC,Charles,Leclerc,ferrari,Ferrari,1,19,0.0,Accident
2022_12,2022,12,French Grand Prix,2022-07-24,ricard,tsunoda,TSU,Yuki,Tsunoda,alphatauri,AlphaTauri,8,20,0.0,Undertray
2022_13,2022,13,Hungarian Grand Prix,2022-07-31,hungaroring,max_verstappen,VER,Max,Verstappen,red_bull,Red Bull,10,1,25.0,Finished
2022_13,2022,13,Hungarian Grand Prix,2022-07-31,hungaroring,hamilton,HAM,Lewis,Hamilton,mercedes,Mercedes,7,2,19.0,Finished
2022_13,2022,13,Hungarian Grand Prix,2022-07-31,hungaroring,russell,RUS,George,Russell,mercedes,Mercedes,1,3,15.0,Finished
2022_13,2022,13,Hungarian Grand Prix,2022-07-31,hungaroring,sainz,SAI,Carlos,Sainz,ferrari,Ferrari,2,4,12.0,Finished
2022_13,2022,13,Hungarian Grand Prix,2022-07-31,hungaroring,perez,PER,Sergio,Pérez,red_bull,Red Bull,11,5,10.0,Finished
2022_13,2022,13,Hungarian Grand Prix,2022-07-31,hungaroring,leclerc,LEC,Charles,Leclerc,ferrari,Ferrari,3,6,8.0,Finished
2022_13,2022,13,Hungarian Grand Prix,2022-07-31,hungaroring,norris,NOR,Lando,Norris,mclaren,McLaren,4,7,6.0,Finished
2022_13,2022,13,Hungarian Grand Prix,2022-07-31,hungaroring,alonso,ALO,Fernando,Alonso,alpine,Alpine F1 Team,6,8,4.0,+1 Lap
2022_13,2022,13,Hungarian Grand Prix,2022-07-31,hungaroring,ocon,OCO,Esteban,Ocon,alpine,Alpine F1 Team,5,9,2.0,+1 Lap
2022_13,2022,13,Hungarian Grand Prix,2022-07-31,hungaroring,vettel,VET,Sebastian,Vettel,aston_martin,Aston Martin,18,10,1.0,+1 Lap
2022_13,2022,13,Hungarian Grand Prix,2022-07-31,hungaroring,stroll,STR,Lance,Stroll,aston_martin,Aston Martin,14,11,0.0,+1 Lap
2022_13,2022,13,Hungarian Grand Prix,2022-07-31,hungaroring,gasly,GAS,Pierre,Gasly,alphatauri,AlphaTauri,0,12,0.0,+1 Lap
2022_13,2022,13,Hungarian Grand Prix,2022-07-31,hungaroring,zhou,ZHO,Guanyu,Zhou,alfa,Alfa Romeo,12,13,0.0,+1 Lap
2022_13,2022,13,Hungarian Grand Prix,2022-07-31,hungaroring,mick_schumacher,MSC,Mick,Schumacher,haas,Haas F1 Team,15,14,0.0,+1 Lap
2022_13,2022,13,Hungarian Grand Prix,2022-07-31,hungaroring,ricciardo,RIC,Daniel,Ricciardo,mclaren,McLaren,9,15,0.0,+1 Lap
2022_13,2022,13,Hungarian Grand Prix,2022-07-31,hungaroring,kevin_magnussen,MAG,Kevin,Magnussen,haas,Haas F1 Team,13,16,0.0,+1 Lap
2022_13,2022,13,Hungarian Grand Prix,2022-07-31,hungaroring,albon,ALB,Alexander,Albon,williams,Williams,17,17,0.0,+1 Lap
2022_13,2022,13,Hungarian Grand Prix,2022-07-31,hungaroring,latifi,LAT,Nicholas,Latifi,williams,Williams,19,18,0.0,+1 Lap
2022_13,2022,13,Hungarian Grand Prix,2022-07-31,hungaroring,tsunoda,TSU,Yuki,Tsunoda,alphatauri,AlphaTauri,16,19,0.0,+2 Laps
2022_13,2022,13,Hungarian Grand Prix,2022-07-31,hungaroring,bottas,BOT,Valtteri,Bottas,alfa,Alfa Romeo,8,20,0.0,Power Unit
2022_14,2022,14,Belgian Grand Prix,2022-08-28,spa,max_verstappen,VER,Max,Verstappen,red_bull,Red Bull,14,1,26.0,Finished
2022_14,2022,14,Belgian Grand Prix,2022-08-28,spa,perez,PER,Sergio,Pérez,red_bull,Red Bull,2,2,18.0,Finished
2022_14,2022,14,Belgian Grand Prix,2022-08-28,spa,sainz,SAI,Carlos,Sainz,ferrari,Ferrari,1,3,15.0,Finished
2022_14,2022,14,Belgian Grand Prix,2022-08-28,spa,russell,RUS,George,Russell,mercedes,Mercedes,5,4,12.0,Finished
2022_14,2022,14,Belgian Grand Prix,2022-08-28,spa,alonso,ALO,Fernando,Alonso,alpine,Alpine F1 Team,3,5,10.0,Finished
2022_14,2022,14,Belgian Grand Prix,2022-08-28,spa,leclerc,LEC,Charles,Leclerc,ferrari,Ferrari,15,6,8.0,Finished
2022_14,2022,14,Belgian Grand Prix,2022-08-28,spa,ocon,OCO,Esteban,Ocon,alpine,Alpine F1 Team,16,7,6.0,Finished
2022_14,2022,14,Belgian Grand Prix,2022-08-28,spa,vettel,VET,Sebastian,Vettel,aston_martin,Aston Martin,10,8,4.0,Finished
2022_14,2022,14,Belgian Grand Prix,2022-08-28,spa,gasly,GAS,Pierre,Gasly,alphatauri,AlphaTauri,0,9,2.0,Finished
2022_14,2022,14,Belgian Grand Prix,2022-08-28,spa,albon,ALB,Alexander,Albon,williams,Williams,6,10,1.0,Finished
2022_14,2022,14,Belgian Grand Prix,2022-08-28,spa,stroll,STR,Lance,Stroll,aston_martin,Aston Martin,9,11,0.0,Finished
2022_14,2022,14,Belgian Grand Prix,2022-08-28,spa,norris,NOR,Lando,Norris,mclaren,McLaren,17,12,0.0,Finished
2022_14,2022,14,Belgian Grand Prix,2022-08-28,spa,tsunoda,TSU,Yuki,Tsunoda,alphatauri,AlphaTauri,0,13,0.0,Finished
2022_14,2022,14,Belgian Grand Prix,2022-08-28,spa,zhou,ZHO,Guanyu,Zhou,alfa,Alfa Romeo,18,14,0.0,Finished
2022_14,2022,14,Belgian Grand Prix,2022-08-28,spa,ricciardo,RIC,Daniel,Ricciardo,mclaren,McLaren,7,15,0.0,Finished
2022_14,2022,14,Belgian Grand Prix,2022-08-28,spa,kevin_magnussen,MAG,Kevin,Magnussen,haas,Haas F1 Team,12,16,0.0,+1 Lap
2022_14,2022,14,Belgian Grand Prix,2022-08-28,spa,mick_schumacher,MSC,Mick,Schumacher,haas,Haas F1 Team,19,17,0.0,+1 Lap
2022_14,2022,14,Belgian Grand Prix,2022-08-28,spa,latifi,LAT,Nicholas,Latifi,williams,Williams,11,18,0.0,+1 Lap
2022_14,2022,14,Belgian Grand Prix,2022-08-28,spa,bottas,BOT,Valtteri,Bottas,alfa,Alfa Romeo,13,19,0.0,Accident
2022_14,2022,14,Belgian Grand Prix,2022-08-28,spa,hamilton,HAM,Lewis,Hamilton,mercedes,Mercedes,4,20,0.0,Collision damage
2022_15,2022,15,Dutch Grand Prix,2022-09-04,zandvoort,max_verstappen,VER,Max,Verstappen,red_bull,Red Bull,1,1,26.0,Finished
2022_15,2022,15,Dutch Grand Prix,2022-09-04,zandvoort,russell,RUS,George,Russell,mercedes,Mercedes,6,2,18.0,Finished
2022_15,2022,15,Dutch Grand Prix,2022-09-04,zandvoort,leclerc,LEC,Charles,Leclerc,ferrari,Ferrari,2,3,15.0,Finished
2022_15,2022,15,Dutch Grand Prix,2022-09-04,zandvoort,hamilton,HAM,Lewis,Hamilton,mercedes,Mercedes,4,4,12.0,Finished
2022_15,2022,15,Dutch Grand Prix,2022-09-04,zandvoort,perez,PER,Sergio,Pérez,red_bull,Red Bull,5,5,10.0,Finished
2022_15,2022,15,Dutch Grand Prix,2022-09-04,zandvoort,alonso,ALO,Fernando,Alonso,alpine,Alpine F1 Team,13,6,8.0,Finished
2022_15,2022,15,Dutch Grand Prix,2022-09-04,zandvoort,norris,NOR,Lando,Norris,mclaren,McLaren,7,7,6.0,Finished
2022_15,2022,15,Dutch Grand Prix,2022-09-04,zandvoort,sainz,SAI,Carlos,Sainz,ferrari,Ferrari,3,8,4.0,Finished
2022_15,2022,15,Dutch Grand Prix,2022-09-04,zandvoort,ocon,OCO,Esteban,Ocon,alpine,Alpine F1 Team,12,9,2.0,Finished
2022_15,2022,15,Dutch Grand Prix,2022-09-04,zandvoort,stroll,STR,Lance,Stroll,aston_martin,Aston Martin,10,10,1.0,Finished
2022_15,2022,15,Dutch Grand Prix,2022-09-04,zandvoort,gasly,GAS,Pierre,Gasly,alphatauri,AlphaTauri,11,11,0.0,Finished
2022_15,2022,15,Dutch Grand Prix,2022-09-04,zandvoort,albon,ALB,Alexander,Albon,williams,Williams,15,12,0.0,Finished
2022_15,2022,15,Dutch Grand Prix,2022-09-04,zandvoort,mick_schumacher,MSC,Mick,Schumacher,haas,Haas F1 Team,8,13,0.0,Finished
2022_15,2022,15,Dutch Grand Prix,2022-09-04,zandvoort,vettel,VET,Sebastian,Vettel,aston_martin,Aston Martin,19,14,0.0,Finished
2022_15,2022,15,Dutch Grand Prix,2022-09-04,zandvoort,kevin_magnussen,MAG,Kevin,Magnussen,haas,Haas F1 Team,18,15,0.0,Finished
2022_15,2022,15,Dutch Grand Prix,2022-09-04,zandvoort,zhou,ZHO,Guanyu,Zhou,alfa,Alfa Romeo,14,16,0.0,Finished
2022_15,2022,15,Dutch Grand Prix,2022-09-04,zandvoort,ricciardo,RIC,Daniel,Ricciardo,mclaren,McLaren,17,17,0.0,Finished
2022_15,2022,15,Dutch Grand Prix,2022-09-04,zandvoort,latifi,LAT,Nicholas,Latifi,williams,Williams,20,18,0.0,+1 Lap
2022_15,2022,15,Dutch Grand Prix,2022-09-04,zandvoort,bottas,BOT,Valtteri,Bottas,alfa,Alfa Romeo,16,19,0.0,Engine
2022_15,2022,15,Dutch Grand Prix,2022-09-04,zandvoort,tsunoda,TSU,Yuki,Tsunoda,alphatauri,AlphaTauri,9,20,0.0,Differential
2022_16,2022,16,Italian Grand Prix,2022-09-11,monza,max_verstappen,VER,Max,Verstappen,red_bull,Red Bull,7,1,25.0,Finished
2022_16,2022,16,Italian Grand Prix,2022-09-11,monza,leclerc,LEC,Charles,Leclerc,ferrari,Ferrari,1,2,18.0,Finished
2022_16,2022,16,Italian Grand Prix,2022-09-11,monza,russell,RUS,George,Russell,mercedes,Mercedes,2,3,15.0,Finished
2022_16,2022,16,Italian Grand Prix,2022-09-11,monza,sainz,SAI,Carlos,Sainz,ferrari,Ferrari,18,4,12.0,Finished
2022_16,2022,16,Italian Grand Prix,2022-09-11,monza,hamilton,HAM,Lewis,Hamilton,mercedes,Mercedes,19,5,10.0,Finished
2022_16,2022,16,Italian Grand Prix,2022-09-11,monza,perez,PER,Sergio,Pérez,red_bull,Red Bull,13,6,9.0,Finished
2022_16,2022,16,Italian Grand Prix,2022-09-11,monza,norris,NOR,Lando,Norris,mclaren,McLaren,3,7,6.0,Finished
2022_16,2022,16,Italian Grand Prix,2022-09-11,monza,gasly,GAS,Pierre,Gasly,alphatauri,AlphaTauri,5,8,4.0,Finished
2022_16,2022,16,Italian Grand Prix,2022-09-11,monza,de_vries,DEV,Nyck,de Vries,williams,Williams,8,9,2.0,Finished
2022_16,2022,16,Italian Grand Prix,2022-09-11,monza,zhou,ZHO,Guanyu,Zhou,alfa,Alfa Romeo,9,10,1.0,Finished
2022_16,2022,16,Italian Grand Prix,2022-09-11,monza,ocon,OCO,Esteban,Ocon,alpine,Alpine F1 Team,14,11,0.0,Finished
2022_16,2022,16,Italian Grand Prix,2022-09-11,monza,mick_schumacher,MSC,Mick,Schumacher,haas,Haas F1 Team,17,12,0.0,Finished
2022_16,2022,16,Italian Grand Prix,2022-09-11,monza,bottas,BOT,Valtteri,Bottas,alfa,Alfa Romeo,15,13,0.0,+1 Lap
2022_16,2022,16,Italian Grand Prix,2022-09-11,monza,tsunoda,TSU,Yuki,Tsunoda,alphatauri,AlphaTauri,20,14,0.0,+1 Lap
2022_16,2022,16,Italian Grand Prix,2022-09-11,monza,latifi,LAT,Nicholas,Latifi,williams,Williams,10,15,0.0,+1 Lap
2022_16,2022,16,Italian Grand Prix,2022-09-11,monza,kevin_magnussen,MAG,Kevin,Magnussen,haas,Haas F1 Team,16,16,0.0,+1 Lap
2022_16,2022,16,Italian Grand Prix,2022-09-11,monza,ricciardo,RIC,Daniel,Ricciardo,mclaren,McLaren,4,17,0.0,Oil leak
2022_16,2022,16,Italian Grand Prix,2022-09-11,monza,stroll,STR,Lance,Stroll,aston_martin,Aston Martin,12,18,0.0,Engine
2022_16,2022,16,Italian Grand Prix,2022-09-11,monza,alonso,ALO,Fernando,Alonso,alpine,Alpine F1 Team,6,19,0.0,Water pressure
2022_16,2022,16,Italian Grand Prix,2022-09-11,monza,vettel,VET,Sebastian,Vettel,aston_martin,Aston Martin,11,20,0.0,Engine
2022_17,2022,17,Singapore Grand Prix,2022-10-02,marina_bay,perez,PER,Sergio,Pérez,red_bull,Red Bull,2,1,25.0,Finished
2022_17,2022,17,Singapore Grand Prix,2022-10-02,marina_bay,leclerc,LEC,Charles,Leclerc,ferrari,Ferrari,1,2,18.0,Finished
2022_17,2022,17,Singapore Grand Prix,2022-10-02,marina_bay,sainz,SAI,Carlos,Sainz,ferrari,Ferrari,4,3,15.0,Finished
2022_17,2022,17,Singapore Grand Prix,2022-10-02,marina_bay,norris,NOR,Lando,Norris,mclaren,McLaren,6,4,12.0,Finished
2022_17,2022,17,Singapore Grand Prix,2022-10-02,marina_bay,ricciardo,RIC,Daniel,Ricciardo,mclaren,McLaren,16,5,10.0,Finished
2022_17,2022,17,Singapore Grand Prix,2022-10-02,marina_bay,stroll,STR,Lance,Stroll,aston_martin,Aston Martin,11,6,8.0,Finished
2022_17,2022,17,Singapore Grand Prix,2022-10-02,marina_bay,max_verstappen,VER,Max,Verstappen,red_bull,Red Bull,8,7,6.0,Finished
2022_17,2022,17,Singapore Grand Prix,2022-10-02,marina_bay,vettel,VET,Sebastian,Vettel,aston_martin,Aston Martin,13,8,4.0,Finished
2022_17,2022,17,Singapore Grand Prix,2022-10-02,marina_bay,hamilton,HAM,Lewis,Hamilton,mercedes,Mercedes,3,9,2.0,Finished
2022_17,2022,17,Singapore Grand Prix,2022-10-02,marina_bay,gasly,GAS,Pierre,Gasly,alphatauri,AlphaTauri,7,10,1.0,Finished
2022_17,2022,17,Singapore Grand Prix,2022-10-02,marina_bay,bottas,BOT,Valtteri,Bottas,alfa,Alfa Romeo,15,11,0.0,Finished
2022_17,2022,17,Singapore Grand Prix,2022-10-02,marina_bay,kevin_magnussen,MAG,Kevin,Magnussen,haas,Haas F1 Team,9,12,0.0,Finished
2022_17,2022,17,Singapore Grand Prix,2022-10-02,marina_bay,mick_schumacher,MSC,Mick,Schumacher,haas,Haas F1 Team,12,13,0.0,+1 Lap
2022_17,2022,17,Singapore Grand Prix,2022-10-02,marina_bay,russell,RUS,George,Russell,mercedes,Mercedes,0,14,0.0,+2 Laps
2022_17,2022,17,Singapore Grand Prix,2022-10-02,marina_bay,tsunoda,TSU,Yuki,Tsunoda,alphatauri,AlphaTauri,10,15,0.0,Accident
2022_17,2022,17,Singapore Grand Prix,2022-10-02,marina_bay,ocon,OCO,Esteban,Ocon,alpine,Alpine F1 Team,17,16,0.0,Engine
2022_17,2022,17,Singapore Grand Prix,2022-10-02,marina_bay,albon,ALB,Alexander,Albon,williams,Williams,18,17,0.0,Collision damage
2022_17,2022,17,Singapore Grand Prix,2022-10-02,marina_bay,alonso,ALO,Fernando,Alonso,alpine,Alpine F1 Team,5,18,0.0,Engine
2022_17,2022,17,Singapore Grand Prix,2022-10-02,marina_bay,latifi,LAT,Nicholas,Latifi,williams,Williams,19,19,0.0,Collision damage
2022_17,2022,17,Singapore Grand Prix,2022-10-02,marina_bay,zhou,ZHO,Guanyu,Zhou,alfa,Alfa Romeo,14,20,0.0,Collision
2022_18,2022,18,Japanese Grand Prix,2022-10-09,suzuka,max_verstappen,VER,Max,Verstappen,red_bull,Red Bull,1,1,25.0,Finished
2022_18,2022,18,Japanese Grand Prix,2022-10-09,suzuka,perez,PER,Sergio,Pérez,red_bull,Red Bull,4,2,18.0,Finished
2022_18,2022,18,Japanese Grand Prix,2022-10-09,suzuka,leclerc,LEC,Charles,Leclerc,ferrari,Ferrari,2,3,15.0,Finished
2022_18,2022,18,Japanese Grand Prix,2022-10-09,suzuka,ocon,OCO,Esteban,Ocon,alpine,Alpine F1 Team,5,4,12.0,Finished
2022_18,2022,18,Japanese Grand Prix,2022-10-09,suzuka,hamilton,HAM,Lewis,Hamilton,mercedes,Mercedes,6,5,10.0,Finished
2022_18,2022,18,Japanese Grand Prix,2022-10-09,suzuka,vettel,VET,Sebastian,Vettel,aston_martin,Aston Martin,9,6,8.0,Finished
2022_18,2022,18,Japanese Grand Prix,2022-10-09,suzuka,alonso,ALO,Fernando,Alonso,alpine,Alpine F1 Team,7,7,6.0,Finished
2022_18,2022,18,Japanese Grand Prix,2022-10-09,suzuka,russell,RUS,George,Russell,mercedes,Mercedes,8,8,4.0,Finished
2022_18,2022,18,Japanese Grand Prix,2022-10-09,suzuka,latifi,LAT,Nicholas,Latifi,williams,Williams,20,9,2.0,Finished
2022_18,2022,18,Japanese Grand Prix,2022-10-09,suzuka,norris,NOR,Lando,Norris,mclaren,McLaren,10,10,1.0,Finished
2022_18,2022,18,Japanese Grand Prix,2022-10-09,suzuka,ricciardo,RIC,Daniel,Ricciardo,mclaren,McLaren,11,11,0.0,Finished
2022_18,2022,18,Japanese Grand Prix,2022-10-09,suzuka,stroll,STR,Lance,Stroll,aston_martin,Aston Martin,19,12,0.0,Finished
2022_18,2022,18,Japanese Grand Prix,2022-10-09,suzuka,tsunoda,TSU,Yuki,Tsunoda,alphatauri,AlphaTauri,13,13,0.0,Finished
2022_18,2022,18,Japanese Grand Prix,2022-10-09,suzuka,kevin_magnussen,MAG,Kevin,Magnussen,haas,Haas F1 Team,18,14,0.0,Finished
2022_18,2022,18,Japanese Grand Prix,2022-10-09,suzuka,bottas,BOT,Valtteri,Bottas,alfa,Alfa Romeo,12,15,0.0,Finished
2022_18,2022,18,Japanese Grand Prix,2022-10-09,suzuka,zhou,ZHO,Guanyu,Zhou,alfa,Alfa Romeo,14,16,0.0,Finished
2022_18,2022,18,Japanese Grand Prix,2022-10-09,suzuka,mick_schumacher,MSC,Mick,Schumacher,haas,Haas F1 Team,15,17,0.0,Finished
2022_18,2022,18,Japanese Grand Prix,2022-10-09,suzuka,gasly,GAS,Pierre,Gasly,alphatauri,AlphaTauri,17,18,0.0,Finished
2022_18,2022,18,Japanese Grand Prix,2022-10-09,suzuka,sainz,SAI,Carlos,Sainz,ferrari,Ferrari,3,19,0.0,Accident
2022_18,2022,18,Japanese Grand Prix,2022-10-09,suzuka,albon,ALB,Alexander,Albon,williams,Williams,16,20,0.0,Hydraulics
2022_19,2022,19,United States Grand Prix,2022-10-23,americas,max_verstappen,VER,Max,Verstappen,red_bull,Red Bull,2,1,25.0,Finished
2022_19,2022,19,United States Grand Prix,2022-10-23,americas,hamilton,HAM,Lewis,Hamilton,mercedes,Mercedes,3,2,18.0,Finished
2022_19,2022,19,United States Grand Prix,2022-10-23,americas,leclerc,LEC,Charles,Leclerc,ferrari,Ferrari,12,3,15.0,Finished
2022_19,2022,19,United States Grand Prix,2022-10-23,americas,perez,PER,Sergio,Pérez,red_bull,Red Bull,9,4,12.0,Finished
2022_19,2022,19,United States Grand Prix,2022-10-23,americas,russell,RUS,George,Russell,mercedes,Mercedes,4,5,11.0,Finished
2022_19,2022,19,United States Grand Prix,2022-10-23,americas,norris,NOR,Lando,Norris,mclaren,McLaren,6,6,8.0,Finished
2022_19,2022,19,United States Grand Prix,2022-10-23,americas,alonso,ALO,Fernando,Alonso,alpine,Alpine F1 Team,14,7,6.0,Finished
2022_19,2022,19,United States Grand Prix,2022-10-23,americas,vettel,VET,Sebastian,Vettel,aston_martin,Aston Martin,10,8,4.0,Finished
2022_19,2022,19,United States Grand Prix,2022-10-23,americas,kevin_magnussen,MAG,Kevin,Magnussen,haas,Haas F1 Team,13,9,2.0,Finished
2022_19,2022,19,United States Grand Prix,2022-10-23,americas,tsunoda,TSU,Yuki,Tsunoda,alphatauri,AlphaTauri,19,10,1.0,Finished
2022_19,2022,19,United States Grand Prix,2022-10-23,americas,ocon,OCO,Esteban,Ocon,alpine,Alpine F1 Team,0,11,0.0,Finished
2022_19,2022,19,United States Grand Prix,2022-10-23,americas,zhou,ZHO,Guanyu,Zhou,alfa,Alfa Romeo,18,12,0.0,Finished
2022_19,2022,19,United States Grand Prix,2022-10-23,americas,albon,ALB,Alexander,Albon,williams,Williams,8,13,0.0,Finished
2022_19,2022,19,United States Grand Prix,2022-10-23,americas,gasly,GAS,Pierre,Gasly,alphatauri,AlphaTauri,11,14,0.0,Finished
2022_19,2022,19,United States Grand Prix,2022-10-23,americas,mick_schumacher,MSC,Mick,Schumacher,haas,Haas F1 Team,16,15,0.0,Finished
2022_19,2022,19,United States Grand Prix,2022-10-23,americas,ricciardo,RIC,Daniel,Ricciardo,mclaren,McLaren,15,16,0.0,Finished
2022_19,2022,19,United States Grand Prix,2022-10-23,americas,latifi,LAT,Nicholas,Latifi,williams,Williams,17,17,0.0,Finished
2022_19,2022,19,United States Grand Prix,2022-10-23,americas,stroll,STR,Lance,Stroll,aston_martin,Aston Martin,5,18,0.0,Collision
2022_19,2022,19,United States Grand Prix,2022-10-23,americas,bottas,BOT,Valtteri,Bottas,alfa,Alfa Romeo,7,19,0.0,Spun off
2022_19,2022,19,United States Grand Prix,2022-10-23,americas,sainz,SAI,Carlos,Sainz,ferrari,Ferrari,1,20,0.0,Collision damage
2022_20,2022,20,Mexico City Grand Prix,2022-10-30,rodriguez,max_verstappen,VER,Max,Verstappen,red_bull,Red Bull,1,1,25.0,Finished
2022_20,2022,20,Mexico City Grand Prix,2022-10-30,rodriguez,hamilton,HAM,Lewis,Hamilton,mercedes,Mercedes,3,2,18.0,Finished
2022_20,2022,20,Mexico City Grand Prix,2022-10-30,rodriguez,perez,PER,Sergio,Pérez,red_bull,Red Bull,4,3,15.0,Finished
2022_20,2022,20,Mexico City Grand Prix,2022-10-30,rodriguez,russell,RUS,George,Russell,mercedes,Mercedes,2,4,13.0,Finished
2022_20,2022,20,Mexico City Grand Prix,2022-10-30,rodriguez,sainz,SAI,Carlos,Sainz,ferrari,Ferrari,5,5,10.0,Finished
2022_20,2022,20,Mexico City Grand Prix,2022-10-30,rodriguez,leclerc,LEC,Charles,Leclerc,ferrari,Ferrari,7,6,8.0,Finished
2022_20,2022,20,Mexico City Grand Prix,2022-10-30,rodriguez,ricciardo,RIC,Daniel,Ricciardo,mclaren,McLaren,11,7,6.0,+1 Lap
2022_20,2022,20,Mexico City Grand Prix,2022-10-30,rodriguez,ocon,OCO,Esteban,Ocon,alpine,Alpine F1 Team,10,8,4.0,+1 Lap
2022_20,2022,20,Mexico City Grand Prix,2022-10-30,rodriguez,norris,NOR,Lando,Norris,mclaren,McLaren,8,9,2.0,+1 Lap
2022_20,2022,20,Mexico City Grand Prix,2022-10-30,rodriguez,bottas,BOT,Valtteri,Bottas,alfa,Alfa Romeo,6,10,1.0,+1 Lap
2022_20,2022,20,Mexico City Grand Prix,2022-10-30,rodriguez,gasly,GAS,Pierre,Gasly,alphatauri,AlphaTauri,14,11,0.0,+1 Lap
2022_20,2022,20,Mexico City Grand Prix,2022-10-30,rodriguez,albon,ALB,Alexander,Albon,williams,Williams,17,12,0.0,+1 Lap
2022_20,2022,20,Mexico City Grand Prix,2022-10-30,rodriguez,zhou,ZHO,Guanyu,Zhou,alfa,Alfa Romeo,12,13,0.0,+1 Lap
2022_20,2022,20,Mexico City Grand Prix,2022-10-30,rodriguez,vettel,VET,Sebastian,Vettel,aston_martin,Aston Martin,16,14,0.0,+1 Lap
2022_20,2022,20,Mexico City Grand Prix,2022-10-30,rodriguez,stroll,STR,Lance,Stroll,aston_martin,Aston Martin,20,15,0.0,+1 Lap
2022_20,2022,20,Mexico City Grand Prix,2022-10-30,rodriguez,mick_schumacher,MSC,Mick,Schumacher,haas,Haas F1 Team,15,16,0.0,+1 Lap
2022_20,2022,20,Mexico City Grand Prix,2022-10-30,rodriguez,kevin_magnussen,MAG,Kevin,Magnussen,haas,Haas F1 Team,19,17,0.0,+1 Lap
2022_20,2022,20,Mexico City Grand Prix,2022-10-30,rodriguez,latifi,LAT,Nicholas,Latifi,williams,Williams,18,18,0.0,+2 Laps
2022_20,2022,20,Mexico City Grand Prix,2022-10-30,rodriguez,alonso,ALO,Fernando,Alonso,alpine,Alpine F1 Team,9,19,0.0,Engine
2022_20,2022,20,Mexico City Grand Prix,2022-10-30,rodriguez,tsunoda,TSU,Yuki,Tsunoda,alphatauri,AlphaTauri,13,20,0.0,Collision damage
2022_21,2022,21,São Paulo Grand Prix,2022-11-13,interlagos,russell,RUS,George,Russell,mercedes,Mercedes,1,1,26.0,Finished
2022_21,2022,21,São Paulo Grand Prix,2022-11-13,interlagos,hamilton,HAM,Lewis,Hamilton,mercedes,Mercedes,2,2,18.0,Finished
2022_21,2022,21,São Paulo Grand Prix,2022-11-13,interlagos,sainz,SAI,Carlos,Sainz,ferrari,Ferrari,7,3,15.0,Finished
2022_21,2022,21,São Paulo Grand Prix,2022-11-13,interlagos,leclerc,LEC,Charles,Leclerc,ferrari,Ferrari,5,4,12.0,Finished
2022_21,2022,21,São Paulo Grand Prix,2022-11-13,interlagos,alonso,ALO,Fernando,Alonso,alpine,Alpine F1 Team,17,5,10.0,Finished
2022_21,2022,21,São Paulo Grand Prix,2022-11-13,interlagos,max_verstappen,VER,Max,Verstappen,red_bull,Red Bull,3,6,8.0,Finished
2022_21,2022,21,São Paulo Grand Prix,2022-11-13,interlagos,perez,PER,Sergio,Pérez,red_bull,Red Bull,4,7,6.0,Finished
2022_21,2022,21,São Paulo Grand Prix,2022-11-13,interlagos,ocon,OCO,Esteban,Ocon,alpine,Alpine F1 Team,16,8,4.0,Finished
2022_21,2022,21,São Paulo Grand Prix,2022-11-13,interlagos,bottas,BOT,Valtteri,Bottas,alfa,Alfa Romeo,14,9,2.0,Finished
2022_21,2022,21,São Paulo Grand Prix,2022-11-13,interlagos,stroll,STR,Lance,Stroll,aston_martin,Aston Martin,15,10,1.0,Finished
2022_21,2022,21,São Paulo Grand Prix,2022-11-13,interlagos,vettel,VET,Sebastian,Vettel,aston_martin,Aston Martin,9,11,0.0,Finished
2022_21,2022,21,São Paulo Grand Prix,2022-11-13,interlagos,zhou,ZHO,Guanyu,Zhou,alfa,Alfa Romeo,13,12,0.0,Finished
2022_21,2022,21,São Paulo Grand Prix,2022-11-13,interlagos,mick_schumacher,MSC,Mick,Schumacher,haas,Haas F1 Team,12,13,0.0,Finished
2022_21,2022,21,São Paulo Grand Prix,2022-11-13,interlagos,gasly,GAS,Pierre,Gasly,alphatauri,AlphaTauri,10,14,0.0,Finished
2022_21,2022,21,São Paulo Grand Prix,2022-11-13,interlagos,albon,ALB,Alexander,Albon,williams,Williams,19,15,0.0,Finished
2022_21,2022,21,São Paulo Grand Prix,2022-11-13,interlagos,latifi,LAT,Nicholas,Latifi,williams,Williams,18,16,0.0,Finished
2022_21,2022,21,São Paulo Grand Prix,2022-11-13,interlagos,tsunoda,TSU,Yuki,Tsunoda,alphatauri,AlphaTauri,0,17,0.0,+1 Lap
2022_21,2022,21,São Paulo Grand Prix,2022-11-13,interlagos,norris,NOR,Lando,Norris,mclaren,McLaren,6,18,0.0,Gearbox
2022_21,2022,21,São Paulo Grand Prix,2022-11-13,interlagos,kevin_magnussen,MAG,Kevin,Magnussen,haas,Haas F1 Team,8,19,0.0,Collision
2022_21,2022,21,São Paulo Grand Prix,2022-11-13,interlagos,ricciardo,RIC,Daniel,Ricciardo,mclaren,McLaren,11,20,0.0,Collision
2022_22,2022,22,Abu Dhabi Grand Prix,2022-11-20,yas_marina,max_verstappen,VER,Max,Verstappen,red_bull,Red Bull,1,1,25.0,Finished
2022_22,2022,22,Abu Dhabi Grand Prix,2022-11-20,yas_marina,leclerc,LEC,Charles,Leclerc,ferrari,Ferrari,3,2,18.0,Finished
2022_22,2022,22,Abu Dhabi Grand Prix,2022-11-20,yas_marina,perez,PER,Sergio,Pérez,red_bull,Red Bull,2,3,15.0,Finished
2022_22,2022,22,Abu Dhabi Grand Prix,2022-11-20,yas_marina,sainz,SAI,Carlos,Sainz,ferrari,Ferrari,4,4,12.0,Finished
2022_22,2022,22,Abu Dhabi Grand Prix,2022-11-20,yas_marina,russell,RUS,George,Russell,mercedes,Mercedes,6,5,10.0,Finished
2022_22,2022,22,Abu Dhabi Grand Prix,2022-11-20,yas_marina,norris,NOR,Lando,Norris,mclaren,McLaren,7,6,9.0,Finished
2022_22,2022,22,Abu Dhabi Grand Prix,2022-11-20,yas_marina,ocon,OCO,Esteban,Ocon,alpine,Alpine F1 Team,8,7,6.0,Finished
2022_22,2022,22,Abu Dhabi Grand Prix,2022-11-20,yas_marina,stroll,STR,Lance,Stroll,aston_martin,Aston Martin,14,8,4.0,Finished
2022_22,2022,22,Abu Dhabi Grand Prix,2022-11-20,yas_marina,ricciardo,RIC,Daniel,Ricciardo,mclaren,McLaren,13,9,2.0,Finished
2022_22,2022,22,Abu Dhabi Grand Prix,2022-11-20,yas_marina,vettel,VET,Sebastian,Vettel,aston_martin,Aston Martin,9,10,1.0,Finished
2022_22,2022,22,Abu Dhabi Grand Prix,2022-11-20,yas_marina,tsunoda,TSU,Yuki,Tsunoda,alphatauri,AlphaTauri,11,11,0.0,Finished
2022_22,2022,22,Abu Dhabi Grand Prix,2022-11-20,yas_marina,zhou,ZHO,Guanyu,Zhou,alfa,Alfa Romeo,15,12,0.0,+1 Lap
2022_22,2022,22,Abu Dhabi Grand Prix,2022-11-20,yas_marina,albon,ALB,Alexander,Albon,williams,Williams,19,13,0.0,+1 Lap
2022_22,2022,22,Abu Dhabi Grand Prix,2022-11-20,yas_marina,gasly,GAS,Pierre,Gasly,alphatauri,AlphaTauri,17,14,0.0,+1 Lap
2022_22,2022,22,Abu Dhabi Grand Prix,2022-11-20,yas_marina,bottas,BOT,Valtteri,Bottas,alfa,Alfa Romeo,18,15,0.0,+1 Lap
2022_22,2022,22,Abu Dhabi Grand Prix,2022-11-20,yas_marina,mick_schumacher,MSC,Mick,Schumacher,haas,Haas F1 Team,12,16,0.0,+1 Lap
2022_22,2022,22,Abu Dhabi Grand Prix,2022-11-20,yas_marina,kevin_magnussen,MAG,Kevin,Magnussen,haas,Haas F1 Team,16,17,0.0,+1 Lap
2022_22,2022,22,Abu Dhabi Grand Prix,2022-11-20,yas_marina,hamilton,HAM,Lewis,Hamilton,mercedes,Mercedes,5,18,0.0,Hydraulics
2022_22,2022,22,Abu Dhabi Grand Prix,2022-11-20,yas_marina,latifi,LAT,Nicholas,Latifi,williams,Williams,20,19,0.0,Collision damage
2022_22,2022,22,Abu Dhabi Grand Prix,2022-11-20,yas_marina,alonso,ALO,Fernando,Alonso,alpine,Alpine F1 Team,10,20,0.0,Water leak
2023_1,2023,1,Bahrain Grand Prix,2023-03-05,bahrain,max_verstappen,VER,Max,Verstappen,red_bull,Red Bull,1,1,25.0,Finished
2023_1,2023,1,Bahrain Grand Prix,2023-03-05,bahrain,perez,PER,Sergio,Pérez,red_bull,Red Bull,2,2,18.0,Finished
2023_1,2023,1,Bahrain Grand Prix,2023-03-05,bahrain,alonso,ALO,Fernando,Alonso,aston_martin,Aston Martin,5,3,15.0,Finished
2023_1,2023,1,Bahrain Grand Prix,2023-03-05,bahrain,sainz,SAI,Carlos,Sainz,ferrari,Ferrari,4,4,12.0,Finished
2023_1,2023,1,Bahrain Grand Prix,2023-03-05,bahrain,hamilton,HAM,Lewis,Hamilton,mercedes,Mercedes,7,5,10.0,Finished
2023_1,2023,1,Bahrain Grand Prix,2023-03-05,bahrain,stroll,STR,Lance,Stroll,aston_martin,Aston Martin,8,6,8.0,Finished
2023_1,2023,1,Bahrain Grand Prix,2023-03-05,bahrain,russell,RUS,George,Russell,mercedes,Mercedes,6,7,6.0,Finished
2023_1,2023,1,Bahrain Grand Prix,2023-03-05,bahrain,bottas,BOT,Valtteri,Bottas,alfa,Alfa Romeo,12,8,4.0,Finished
2023_1,2023,1,Bahrain Grand Prix,2023-03-05,bahrain,gasly,GAS,Pierre,Gasly,alpine,Alpine F1 Team,20,9,2.0,Finished
2023_1,2023,1,Bahrain Grand Prix,2023-03-05,bahrain,albon,ALB,Alexander,Albon,williams,Williams,15,10,1.0,Finished
2023_1,2023,1,Bahrain Grand Prix,2023-03-05,bahrain,tsunoda,TSU,Yuki,Tsunoda,alphatauri,AlphaTauri,14,11,0.0,Finished
2023_1,2023,1,Bahrain Grand Prix,2023-03-05,bahrain,sargeant,SAR,Logan,Sargeant,williams,Williams,16,12,0.0,Lapped
2023_1,2023,1,Bahrain Grand Prix,2023-03-05,bahrain,kevin_magnussen,MAG,Kevin,Magnussen,haas,Haas F1 Team,17,13,0.0,Lapped
2023_1,2023,1,Bahrain Grand Prix,2023-03-05,bahrain,de_vries,DEV,Nyck,de Vries,alphatauri,AlphaTauri,19,14,0.0,Lapped
2023_1,2023,1,Bahrain Grand Prix,2023-03-05,bahrain,hulkenberg,HUL,Nico,Hülkenberg,haas,Haas F1 Team,10,15,0.0,Lapped
2023_1,2023,1,Bahrain Grand Prix,2023-03-05,bahrain,zhou,ZHO,Guanyu,Zhou,alfa,Alfa Romeo,13,16,0.0,Lapped
2023_1,2023,1,Bahrain Grand Prix,2023-03-05,bahrain,norris,NOR,Lando,Norris,mclaren,McLaren,11,17,0.0,Lapped
2023_1,2023,1,Bahrain Grand Prix,2023-03-05,bahrain,ocon,OCO,Esteban,Ocon,alpine,Alpine F1 Team,9,18,0.0,Retired
2023_1,2023,1,Bahrain Grand Prix,2023-03-05,bahrain,leclerc,LEC,Charles,Leclerc,ferrari,Ferrari,3,19,0.0,Retired
2023_1,2023,1,Bahrain Grand Prix,2023-03-05,bahrain,piastri,PIA,Oscar,Piastri,mclaren,McLaren,18,20,0.0,Retired
2023_2,2023,2,Saudi Arabian Grand Prix,2023-03-19,jeddah,perez,PER,Sergio,Pérez,red_bull,Red Bull,1,1,25.0,Finished
2023_2,2023,2,Saudi Arabian Grand Prix,2023-03-19,jeddah,max_verstappen,VER,Max,Verstappen,red_bull,Red Bull,15,2,19.0,Finished
2023_2,2023,2,Saudi Arabian Grand Prix,2023-03-19,jeddah,alonso,ALO,Fernando,Alonso,aston_martin,Aston Martin,2,3,15.0,Finished
2023_2,2023,2,Saudi Arabian Grand Prix,2023-03-19,jeddah,russell,RUS,George,Russell,mercedes,Mercedes,3,4,12.0,Finished
2023_2,2023,2,Saudi Arabian Grand Prix,2023-03-19,jeddah,hamilton,HAM,Lewis,Hamilton,mercedes,Mercedes,7,5,10.0,Finished
2023_2,2023,2,Saudi Arabian Grand Prix,2023-03-19,jeddah,sainz,SAI,Carlos,Sainz,ferrari,Ferrari,4,6,8.0,Finished
2023_2,2023,2,Saudi Arabian Grand Prix,2023-03-19,jeddah,leclerc,LEC,Charles,Leclerc,ferrari,Ferrari,12,7,6.0,Finished
2023_2,2023,2,Saudi Arabian Grand Prix,2023-03-19,jeddah,ocon,OCO,Esteban,Ocon,alpine,Alpine F1 Team,6,8,4.0,Finished
2023_2,2023,2,Saudi Arabian Grand Prix,2023-03-19,jeddah,gasly,GAS,Pierre,Gasly,alpine,Alpine F1 Team,9,9,2.0,Finished
2023_2,2023,2,Saudi Arabian Grand Prix,2023-03-19,jeddah,kevin_magnussen,MAG,Kevin,Magnussen,haas,Haas F1 Team,13,10,1.0,Finished
2023_2,2023,2,Saudi Arabian Grand Prix,2023-03-19,jeddah,tsunoda,TSU,Yuki,Tsunoda,alphatauri,AlphaTauri,16,11,0.0,Finished
2023_2,2023,2,Saudi Arabian Grand Prix,2023-03-19,jeddah,hulkenberg,HUL,Nico,Hülkenberg,haas,Haas F1 Team,10,12,0.0,Finished
2023_2,2023,2,Saudi Arabian Grand Prix,2023-03-19,jeddah,zhou,ZHO,Guanyu,Zhou,alfa,Alfa Romeo,11,13,0.0,Finished
2023_2,2023,2,Saudi Arabian Grand Prix,2023-03-19,jeddah,de_vries,DEV,Nyck,de Vries,alphatauri,AlphaTauri,18,14,0.0,Finished
2023_2,2023,2,Saudi Arabian Grand Prix,2023-03-19,jeddah,piastri,PIA,Oscar,Piastri,mclaren,McLaren,8,15,0.0,Finished
2023_2,2023,2,Saudi Arabian Grand Prix,2023-03-19,jeddah,sargeant,SAR,Logan,Sargeant,williams,Williams,20,16,0.0,Finished
2023_2,2023,2,Saudi Arabian Grand Prix,2023-03-19,jeddah,norris,NOR,Lando,Norris,mclaren,McLaren,19,17,0.0,Finished
2023_2,2023,2,Saudi Arabian Grand Prix,2023-03-19,jeddah,bottas,BOT,Valtteri,Bottas,alfa,Alfa Romeo,14,18,0.0,Lapped
2023_2,2023,2,Saudi Arabian Grand Prix,2023-03-19,jeddah,albon,ALB,Alexander,Albon,williams,Williams,17,19,0.0,Retired
2023_2,2023,2,Saudi Arabian Grand Prix,2023-03-19,jeddah,stroll,STR,Lance,Stroll,aston_martin,Aston Martin,5,20,0.0,Retired
2023_3,2023,3,Australian Grand Prix,2023-04-02,albert_park,max_verstappen,VER,Max,Verstappen,red_bull,Red Bull,1,1,25.0,Finished
2023_3,2023,3,Australian Grand Prix,2023-04-02,albert_park,hamilton,HAM,Lewis,Hamilton,mercedes,Mercedes,3,2,18.0,Finished
2023_3,2023,3,Australian Grand Prix,2023-04-02,albert_park,alonso,ALO,Fernando,Alonso,aston_martin,Aston Martin,4,3,15.0,Finished
2023_3,2023,3,Australian Grand Prix,2023-04-02,albert_park,stroll,STR,Lance,Stroll,aston_martin,Aston Martin,6,4,12.0,Finished
2023_3,2023,3,Australian Grand Prix,2023-04-02,albert_park,perez,PER,Sergio,Pérez,red_bull,Red Bull,20,5,11.0,Finished
2023_3,2023,3,Australian Grand Prix,2023-04-02,albert_park,norris,NOR,Lando,Norris,mclaren,McLaren,13,6,8.0,Finished
2023_3,2023,3,Australian Grand Prix,2023-04-02,albert_park,hulkenberg,HUL,Nico,Hülkenberg,haas,Haas F1 Team,10,7,6.0,Finished
2023_3,2023,3,Australian Grand Prix,2023-04-02,albert_park,piastri,PIA,Oscar,Piastri,mclaren,McLaren,16,8,4.0,Finished
2023_3,2023,3,Australian Grand Prix,2023-04-02,albert_park,zhou,ZHO,Guanyu,Zhou,alfa,Alfa Romeo,17,9,2.0,Finished
2023_3,2023,3,Australian Grand Prix,2023-04-02,albert_park,tsunoda,TSU,Yuki,Tsunoda,alphatauri,AlphaTauri,12,10,1.0,Finished
2023_3,2023,3,Australian Grand Prix,2023-04-02,albert_park,bottas,BOT,Valtteri,Bottas,alfa,Alfa Romeo,19,11,0.0,Finished
2023_3,2023,3,Australian Grand Prix,2023-04-02,albert_park,sainz,SAI,Carlos,Sainz,ferrari,Ferrari,5,12,0.0,Finished
2023_3,2023,3,Australian Grand Prix,2023-04-02,albert_park,gasly,GAS,Pierre,Gasly,alpine,Alpine F1 Team,9,13,0.0,Retired
2023_3,2023,3,Australian Grand Prix,2023-04-02,albert_park,ocon,OCO,Esteban,Ocon,alpine,Alpine F1 Team,11,14,0.0,Retired
2023_3,2023,3,Australian Grand Prix,2023-04-02,albert_park,de_vries,DEV,Nyck,de Vries,alphatauri,AlphaTauri,15,15,0.0,Retired
2023_3,2023,3,Australian Grand Prix,2023-04-02,albert_park,sargeant,SAR,Logan,Sargeant,williams,Williams,18,16,0.0,Retired
2023_3,2023,3,Australian Grand Prix,2023-04-02,albert_park,kevin_magnussen,MAG,Kevin,Magnussen,haas,Haas F1 Team,14,17,0.0,Retired
2023_3,2023,3,Australian Grand Prix,2023-04-02,albert_park,russell,RUS,George,Russell,mercedes,Mercedes,2,18,0.0,Retired
2023_3,2023,3,Australian Grand Prix,2023-04-02,albert_park,albon,ALB,Alexander,Albon,williams,Williams,8,19,0.0,Retired
2023_3,2023,3,Australian Grand Prix,2023-04-02,albert_park,leclerc,LEC,Charles,Leclerc,ferrari,Ferrari,7,20,0.0,Retired
2023_4,2023,4,Azerbaijan Grand Prix,2023-04-30,baku,perez,PER,Sergio,Pérez,red_bull,Red Bull,3,1,25.0,Finished
2023_4,2023,4,Azerbaijan Grand Prix,2023-04-30,baku,max_verstappen,VER,Max,Verstappen,red_bull,Red Bull,2,2,18.0,Finished
2023_4,2023,4,Azerbaijan Grand Prix,2023-04-30,baku,leclerc,LEC,Charles,Leclerc,ferrari,Ferrari,1,3,15.0,Finished
2023_4,2023,4,Azerbaijan Grand Prix,2023-04-30,baku,alonso,ALO,Fernando,Alonso,aston_martin,Aston Martin,6,4,12.0,Finished
2023_4,2023,4,Azerbaijan Grand Prix,2023-04-30,baku,sainz,SAI,Carlos,Sainz,ferrari,Ferrari,4,5,10.0,Finished
2023_4,2023,4,Azerbaijan Grand Prix,2023-04-30,baku,hamilton,HAM,Lewis,Hamilton,mercedes,Mercedes,5,6,8.0,Finished
2023_4,2023,4,Azerbaijan Grand Prix,2023-04-30,baku,stroll,STR,Lance,Stroll,aston_martin,Aston Martin,9,7,6.0,Finished
2023_4,2023,4,Azerbaijan Grand Prix,2023-04-30,baku,russell,RUS,George,Russell,mercedes,Mercedes,11,8,5.0,Finished
2023_4,2023,4,Azerbaijan Grand Prix,2023-04-30,baku,norris,NOR,Lando,Norris,mclaren,McLaren,7,9,2.0,Finished
2023_4,2023,4,Azerbaijan Grand Prix,2023-04-30,baku,tsunoda,TSU,Yuki,Tsunoda,alphatauri,AlphaTauri,8,10,1.0,Finished
2023_4,2023,4,Azerbaijan Grand Prix,2023-04-30,baku,piastri,PIA,Oscar,Piastri,mclaren,McLaren,10,11,0.0,Finished
2023_4,2023,4,Azerbaijan Grand Prix,2023-04-30,baku,albon,ALB,Alexander,Albon,williams,Williams,12,12,0.0,Finished
2023_4,2023,4,Azerbaijan Grand Prix,2023-04-30,baku,kevin_magnussen,MAG,Kevin,Magnussen,haas,Haas F1 Team,16,13,0.0,Finished
2023_4,2023,4,Azerbaijan Grand Prix,2023-04-30,baku,gasly,GAS,Pierre,Gasly,alpine,Alpine F1 Team,17,14,0.0,Finished
2023_4,2023,4,Azerbaijan Grand Prix,2023-04-30,baku,ocon,OCO,Esteban,Ocon,alpine,Alpine F1 Team,19,15,0.0,Finished
2023_4,2023,4,Azerbaijan Grand Prix,2023-04-30,baku,sargeant,SAR,Logan,Sargeant,williams,Williams,14,16,0.0,Finished
2023_4,2023,4,Azerbaijan Grand Prix,2023-04-30,baku,hulkenberg,HUL,Nico,Hülkenberg,haas,Haas F1 Team,20,17,0.0,Lapped
2023_4,2023,4,Azerbaijan Grand Prix,2023-04-30,baku,bottas,BOT,Valtteri,Bottas,alfa,Alfa Romeo,13,18,0.0,Lapped
2023_4,2023,4,Azerbaijan Grand Prix,2023-04-30,baku,zhou,ZHO,Guanyu,Zhou,alfa,Alfa Romeo,15,19,0.0,Retired
2023_4,2023,4,Azerbaijan Grand Prix,2023-04-30,baku,de_vries,DEV,Nyck,de Vries,alphatauri,AlphaTauri,18,20,0.0,Retired
2023_5,2023,5,Miami Grand Prix,2023-05-07,miami,max_verstappen,VER,Max,Verstappen,red_bull,Red Bull,9,1,26.0,Finished
2023_5,2023,5,Miami Grand Prix,2023-05-07,miami,perez,PER,Sergio,Pérez,red_bull,Red Bull,1,2,18.0,Finished
2023_5,2023,5,Miami Grand Prix,2023-05-07,miami,alonso,ALO,Fernando,Alonso,aston_martin,Aston Martin,2,3,15.0,Finished
2023_5,2023,5,Miami Grand Prix,2023-05-07,miami,russell,RUS,George,Russell,mercedes,Mercedes,6,4,12.0,Finished
2023_5,2023,5,Miami Grand Prix,2023-05-07,miami,sainz,SAI,Carlos,Sainz,ferrari,Ferrari,3,5,10.0,Finished
2023_5,2023,5,Miami Grand Prix,2023-05-07,miami,hamilton,HAM,Lewis,Hamilton,mercedes,Mercedes,13,6,8.0,Finished
2023_5,2023,5,Miami Grand Prix,2023-05-07,miami,leclerc,LEC,Charles,Leclerc,ferrari,Ferrari,7,7,6.0,Finished
2023_5,2023,5,Miami Grand Prix,2023-05-07,miami,gasly,GAS,Pierre,Gasly,alpine,Alpine F1 Team,5,8,4.0,Finished
2023_5,2023,5,Miami Grand Prix,2023-05-07,miami,ocon,OCO,Esteban,Ocon,alpine,Alpine F1 Team,8,9,2.0,Finished
2023_5,2023,5,Miami Grand Prix,2023-05-07,miami,kevin_magnussen,MAG,Kevin,Magnussen,haas,Haas F1 Team,4,10,1.0,Finished
2023_5,2023,5,Miami Grand Prix,2023-05-07,miami,tsunoda,TSU,Yuki,Tsunoda,alphatauri,AlphaTauri,17,11,0.0,Finished
2023_5,2023,5,Miami Grand Prix,2023-05-07,miami,stroll,STR,Lance,Stroll,aston_martin,Aston Martin,18,12,0.0,Finished
2023_5,2023,5,Miami Grand Prix,2023-05-07,miami,bottas,BOT,Valtteri,Bottas,alfa,Alfa Romeo,10,13,0.0,Finished
2023_5,2023,5,Miami Grand Prix,2023-05-07,miami,albon,ALB,Alexander,Albon,williams,Williams,11,14,0.0,Finished
2023_5,2023,5,Miami Grand Prix,2023-05-07,miami,hulkenberg,HUL,Nico,Hülkenberg,haas,Haas F1 Team,12,15,0.0,Finished
2023_5,2023,5,Miami Grand Prix,2023-05-07,miami,zhou,ZHO,Guanyu,Zhou,alfa,Alfa Romeo,14,16,0.0,Finished
2023_5,2023,5,Miami Grand Prix,2023-05-07,miami,norris,NOR,Lando,Norris,mclaren,McLaren,16,17,0.0,Finished
2023_5,2023,5,Miami Grand Prix,2023-05-07,miami,de_vries,DEV,Nyck,de Vries,alphatauri,AlphaTauri,15,18,0.0,Finished
2023_5,2023,5,Miami Grand Prix,2023-05-07,miami,piastri,PIA,Oscar,Piastri,mclaren,McLaren,19,19,0.0,Lapped
2023_5,2023,5,Miami Grand Prix,2023-05-07,miami,sargeant,SAR,Logan,Sargeant,williams,Williams,20,20,0.0,Lapped
2023_6,2023,6,Monaco Grand Prix,2023-05-28,monaco,max_verstappen,VER,Max,Verstappen,red_bull,Red Bull,1,1,25.0,Finished
2023_6,2023,6,Monaco Grand Prix,2023-05-28,monaco,alonso,ALO,Fernando,Alonso,aston_martin,Aston Martin,2,2,18.0,Finished
2023_6,2023,6,Monaco Grand Prix,2023-05-28,monaco,ocon,OCO,Esteban,Ocon,alpine,Alpine F1 Team,3,3,15.0,Finished
2023_6,2023,6,Monaco Grand Prix,2023-05-28,monaco,hamilton,HAM,Lewis,Hamilton,mercedes,Mercedes,5,4,13.0,Finished
2023_6,2023,6,Monaco Grand Prix,2023-05-28,monaco,russell,RUS,George,Russell,mercedes,Mercedes,8,5,10.0,Finished
2023_6,2023,6,Monaco Grand Prix,2023-05-28,monaco,leclerc,LEC,Charles,Leclerc,ferrari,Ferrari,6,6,8.0,Finished
2023_6,2023,6,Monaco Grand Prix,2023-05-28,monaco,gasly,GAS,Pierre,Gasly,alpine,Alpine F1 Team,7,7,6.0,Finished
2023_6,2023,6,Monaco Grand Prix,2023-05-28,monaco,sainz,SAI,Carlos,Sainz,ferrari,Ferrari,4,8,4.0,Finished
2023_6,2023,6,Monaco Grand Prix,2023-05-28,monaco,norris,NOR,Lando,Norris,mclaren,McLaren,10,9,2.0,Lapped
2023_6,2023,6,Monaco Grand Prix,2023-05-28,monaco,piastri,PIA,Oscar,Piastri,mclaren,McLaren,11,10,1.0,Lapped
2023_6,2023,6,Monaco Grand Prix,2023-05-28,monaco,bottas,BOT,Valtteri,Bottas,alfa,Alfa Romeo,15,11,0.0,Lapped
2023_6,2023,6,Monaco Grand Prix,2023-05-28,monaco,de_vries,DEV,Nyck,de Vries,alphatauri,AlphaTauri,12,12,0.0,Lapped
2023_6,2023,6,Monaco Grand Prix,2023-05-28,monaco,zhou,ZHO,Guanyu,Zhou,alfa,Alfa Romeo,19,13,0.0,Lapped
2023_6,2023,6,Monaco Grand Prix,2023-05-28,monaco,albon,ALB,Alexander,Albon,williams,Williams,13,14,0.0,Lapped
2023_6,2023,6,Monaco Grand Prix,2023-05-28,monaco,tsunoda,TSU,Yuki,Tsunoda,alphatauri,AlphaTauri,9,15,0.0,Lapped
2023_6,2023,6,Monaco Grand Prix,2023-05-28,monaco,perez,PER,Sergio,Pérez,red_bull,Red Bull,20,16,0.0,Lapped
2023_6,2023,6,Monaco Grand Prix,2023-05-28,monaco,hulkenberg,HUL,Nico,Hülkenberg,haas,Haas F1 Team,18,17,0.0,Lapped
2023_6,2023,6,Monaco Grand Prix,2023-05-28,monaco,sargeant,SAR,Logan,Sargeant,williams,Williams,16,18,0.0,Lapped
2023_6,2023,6,Monaco Grand Prix,2023-05-28,monaco,kevin_magnussen,MAG,Kevin,Magnussen,haas,Haas F1 Team,17,19,0.0,Retired
2023_6,2023,6,Monaco Grand Prix,2023-05-28,monaco,stroll,STR,Lance,Stroll,aston_martin,Aston Martin,14,20,0.0,Retired
2023_7,2023,7,Spanish Grand Prix,2023-06-04,catalunya,max_verstappen,VER,Max,Verstappen,red_bull,Red Bull,1,1,26.0,Finished
2023_7,2023,7,Spanish Grand Prix,2023-06-04,catalunya,hamilton,HAM,Lewis,Hamilton,mercedes,Mercedes,4,2,18.0,Finished
2023_7,2023,7,Spanish Grand Prix,2023-06-04,catalunya,russell,RUS,George,Russell,mercedes,Mercedes,12,3,15.0,Finished
2023_7,2023,7,Spanish Grand Prix,2023-06-04,catalunya,perez,PER,Sergio,Pérez,red_bull,Red Bull,11,4,12.0,Finished
2023_7,2023,7,Spanish Grand Prix,2023-06-04,catalunya,sainz,SAI,Carlos,Sainz,ferrari,Ferrari,2,5,10.0,Finished
2023_7,2023,7,Spanish Grand Prix,2023-06-04,catalunya,stroll,STR,Lance,Stroll,aston_martin,Aston Martin,5,6,8.0,Finished
2023_7,2023,7,Spanish Grand Prix,2023-06-04,catalunya,alonso,ALO,Fernando,Alonso,aston_martin,Aston Martin,8,7,6.0,Finished
2023_7,2023,7,Spanish Grand Prix,2023-06-04,catalunya,ocon,OCO,Esteban,Ocon,alpine,Alpine F1 Team,6,8,4.0,Finished
2023_7,2023,7,Spanish Grand Prix,2023-06-04,catalunya,zhou,ZHO,Guanyu,Zhou,alfa,Alfa Romeo,13,9,2.0,Finished
2023_7,2023,7,Spanish Grand Prix,2023-06-04,catalunya,gasly,GAS,Pierre,Gasly,alpine,Alpine F1 Team,10,10,1.0,Finished
2023_7,2023,7,Spanish Grand Prix,2023-06-04,catalunya,leclerc,LEC,Charles,Leclerc,ferrari,Ferrari,19,11,0.0,Finished
2023_7,2023,7,Spanish Grand Prix,2023-06-04,catalunya,tsunoda,TSU,Yuki,Tsunoda,alphatauri,AlphaTauri,15,12,0.0,Finished
2023_7,2023,7,Spanish Grand Prix,2023-06-04,catalunya,piastri,PIA,Oscar,Piastri,mclaren,McLaren,9,13,0.0,Lapped
2023_7,2023,7,Spanish Grand Prix,2023-06-04,catalunya,de_vries,DEV,Nyck,de Vries,alphatauri,AlphaTauri,14,14,0.0,Lapped
2023_7,2023,7,Spanish Grand Prix,2023-06-04,catalunya,hulkenberg,HUL,Nico,Hülkenberg,haas,Haas F1 Team,7,15,0.0,Lapped
2023_7,2023,7,Spanish Grand Prix,2023-06-04,catalunya,albon,ALB,Alexander,Albon,williams,Williams,18,16,0.0,Lapped
2023_7,2023,7,Spanish Grand Prix,2023-06-04,catalunya,norris,NOR,Lando,Norris,mclaren,McLaren,3,17,0.0,Lapped
2023_7,2023,7,Spanish Grand Prix,2023-06-04,catalunya,kevin_magnussen,MAG,Kevin,Magnussen,haas,Haas F1 Team,17,18,0.0,Lapped
2023_7,2023,7,Spanish Grand Prix,2023-06-04,catalunya,bottas,BOT,Valtteri,Bottas,alfa,Alfa Romeo,16,19,0.0,Lapped
2023_7,2023,7,Spanish Grand Prix,2023-06-04,catalunya,sargeant,SAR,Logan,Sargeant,williams,Williams,20,20,0.0,Lapped
2023_8,2023,8,Canadian Grand Prix,2023-06-18,villeneuve,max_verstappen,VER,Max,Verstappen,red_bull,Red Bull,1,1,25.0,Finished
2023_8,2023,8,Canadian Grand Prix,2023-06-18,villeneuve,alonso,ALO,Fernando,Alonso,aston_martin,Aston Martin,2,2,18.0,Finished
2023_8,2023,8,Canadian Grand Prix,2023-06-18,villeneuve,hamilton,HAM,Lewis,Hamilton,mercedes,Mercedes,3,3,15.0,Finished
2023_8,2023,8,Canadian Grand Prix,2023-06-18,villeneuve,leclerc,LEC,Charles,Leclerc,ferrari,Ferrari,10,4,12.0,Finished
2023_8,2023,8,Canadian Grand Prix,2023-06-18,villeneuve,sainz,SAI,Carlos,Sainz,ferrari,Ferrari,11,5,10.0,Finished
2023_8,2023,8,Canadian Grand Prix,2023-06-18,villeneuve,perez,PER,Sergio,Pérez,red_bull,Red Bull,12,6,9.0,Finished
2023_8,2023,8,Canadian Grand Prix,2023-06-18,villeneuve,albon,ALB,Alexander,Albon,williams,Williams,9,7,6.0,Finished
2023_8,2023,8,Canadian Grand Prix,2023-06-18,villeneuve,ocon,OCO,Esteban,Ocon,alpine,Alpine F1 Team,6,8,4.0,Finished
2023_8,2023,8,Canadian Grand Prix,2023-06-18,villeneuve,stroll,STR,Lance,Stroll,aston_martin,Aston Martin,16,9,2.0,Finished
2023_8,2023,8,Canadian Grand Prix,2023-06-18,villeneuve,bottas,BOT,Valtteri,Bottas,alfa,Alfa Romeo,14,10,1.0,Finished
2023_8,2023,8,Canadian Grand Prix,2023-06-18,villeneuve,piastri,PIA,Oscar,Piastri,mclaren,McLaren,8,11,0.0,Finished
2023_8,2023,8,Canadian Grand Prix,2023-06-18,villeneuve,gasly,GAS,Pierre,Gasly,alpine,Alpine F1 Team,15,12,0.0,Finished
2023_8,2023,8,Canadian Grand Prix,2023-06-18,villeneuve,norris,NOR,Lando,Norris,mclaren,McLaren,7,13,0.0,Finished
2023_8,2023,8,Canadian Grand Prix,2023-06-18,villeneuve,tsunoda,TSU,Yuki,Tsunoda,alphatauri,AlphaTauri,19,14,0.0,Finished
2023_8,2023,8,Canadian Grand Prix,2023-06-18,villeneuve,hulkenberg,HUL,Nico,Hülkenberg,haas,Haas F1 Team,5,15,0.0,Lapped
2023_8,2023,8,Canadian Grand Prix,2023-06-18,villeneuve,zhou,ZHO,Guanyu,Zhou,alfa,Alfa Romeo,20,16,0.0,Lapped
2023_8,2023,8,Canadian Grand Prix,2023-06-18,villeneuve,kevin_magnussen,MAG,Kevin,Magnussen,haas,Haas F1 Team,13,17,0.0,Lapped
2023_8,2023,8,Canadian Grand Prix,2023-06-18,villeneuve,de_vries,DEV,Nyck,de Vries,alphatauri,AlphaTauri,17,18,0.0,Lapped
2023_8,2023,8,Canadian Grand Prix,2023-06-18,villeneuve,russell,RUS,George,Russell,mercedes,Mercedes,4,19,0.0,Retired
2023_8,2023,8,Canadian Grand Prix,2023-06-18,villeneuve,sargeant,SAR,Logan,Sargeant,williams,Williams,18,20,0.0,Retired
2023_9,2023,9,Austrian Grand Prix,2023-07-02,red_bull_ring,max_verstappen,VER,Max,Verstappen,red_bull,Red Bull,1,1,26.0,Finished
2023_9,2023,9,Austrian Grand Prix,2023-07-02,red_bull_ring,leclerc,LEC,Charles,Leclerc,ferrari,Ferrari,2,2,18.0,Finished
2023_9,2023,9,Austrian Grand Prix,2023-07-02,red_bull_ring,perez,PER,Sergio,Pérez,red_bull,Red Bull,15,3,15.0,Finished
2023_9,2023,9,Austrian Grand Prix,2023-07-02,red_bull_ring,norris,NOR,Lando,Norris,mclaren,McLaren,4,4,12.0,Finished
2023_9,2023,9,Austrian Grand Prix,2023-07-02,red_bull_ring,alonso,ALO,Fernando,Alonso,aston_martin,Aston Martin,7,5,10.0,Finished
2023_9,2023,9,Austrian Grand Prix,2023-07-02,red_bull_ring,sainz,SAI,Carlos,Sainz,ferrari,Ferrari,3,6,8.0,Finished
2023_9,2023,9,Austrian Grand Prix,2023-07-02,red_bull_ring,russell,RUS,George,Russell,mercedes,Mercedes,11,7,6.0,Finished
2023_9,2023,9,Austrian Grand Prix,2023-07-02,red_bull_ring,hamilton,HAM,Lewis,Hamilton,mercedes,Mercedes,5,8,4.0,Finished
2023_9,2023,9,Austrian Grand Prix,2023-07-02,red_bull_ring,stroll,STR,Lance,Stroll,aston_martin,Aston Martin,6,9,2.0,Finished
2023_9,2023,9,Austrian Grand Prix,2023-07-02,red_bull_ring,gasly,GAS,Pierre,Gasly,alpine,Alpine F1 Team,9,10,1.0,Finished
2023_9,2023,9,Austrian Grand Prix,2023-07-02,red_bull_ring,albon,ALB,Alexander,Albon,williams,Williams,10,11,0.0,Finished
2023_9,2023,9,Austrian Grand Prix,2023-07-02,red_bull_ring,zhou,ZHO,Guanyu,Zhou,alfa,Alfa Romeo,17,12,0.0,Lapped
2023_9,2023,9,Austrian Grand Prix,2023-07-02,red_bull_ring,sargeant,SAR,Logan,Sargeant,williams,Williams,18,13,0.0,Lapped
2023_9,2023,9,Austrian Grand Prix,2023-07-02,red_bull_ring,ocon,OCO,Esteban,Ocon,alpine,Alpine F1 Team,12,14,0.0,Lapped
2023_9,2023,9,Austrian Grand Prix,2023-07-02,red_bull_ring,bottas,BOT,Valtteri,Bottas,alfa,Alfa Romeo,14,15,0.0,Lapped
2023_9,2023,9,Austrian Grand Prix,2023-07-02,red_bull_ring,piastri,PIA,Oscar,Piastri,mclaren,McLaren,13,16,0.0,Lapped
2023_9,2023,9,Austrian Grand Prix,2023-07-02,red_bull_ring,de_vries,DEV,Nyck,de Vries,alphatauri,AlphaTauri,20,17,0.0,Lapped
2023_9,2023,9,Austrian Grand Prix,2023-07-02,red_bull_ring,kevin_magnussen,MAG,Kevin,Magnussen,haas,Haas F1 Team,19,18,0.0,Lapped
2023_9,2023,9,Austrian Grand Prix,2023-07-02,red_bull_ring,tsunoda,TSU,Yuki,Tsunoda,alphatauri,AlphaTauri,16,19,0.0,Lapped
2023_9,2023,9,Austrian Grand Prix,2023-07-02,red_bull_ring,hulkenberg,HUL,Nico,Hülkenberg,haas,Haas F1 Team,8,20,0.0,Retired
2023_10,2023,10,British Grand Prix,2023-07-09,silverstone,max_verstappen,VER,Max,Verstappen,red_bull,Red Bull,1,1,26.0,Finished
2023_10,2023,10,British Grand Prix,2023-07-09,silverstone,norris,NOR,Lando,Norris,mclaren,McLaren,2,2,18.0,Finished
2023_10,2023,10,British Grand Prix,2023-07-09,silverstone,hamilton,HAM,Lewis,Hamilton,mercedes,Mercedes,7,3,15.0,Finished
2023_10,2023,10,British Grand Prix,2023-07-09,silverstone,piastri,PIA,Oscar,Piastri,mclaren,McLaren,3,4,12.0,Finished
2023_10,2023,10,British Grand Prix,2023-07-09,silverstone,russell,RUS,George,Russell,mercedes,Mercedes,6,5,10.0,Finished
2023_10,2023,10,British Grand Prix,2023-07-09,silverstone,perez,PER,Sergio,Pérez,red_bull,Red Bull,15,6,8.0,Finished
2023_10,2023,10,British Grand Prix,2023-07-09,silverstone,alonso,ALO,Fernando,Alonso,aston_martin,Aston Martin,9,7,6.0,Finished
2023_10,2023,10,British Grand Prix,2023-07-09,silverstone,albon,ALB,Alexander,Albon,williams,Williams,8,8,4.0,Finished
2023_10,2023,10,British Grand Prix,2023-07-09,silverstone,leclerc,LEC,Charles,Leclerc,ferrari,Ferrari,4,9,2.0,Finished
2023_10,2023,10,British Grand Prix,2023-07-09,silverstone,sainz,SAI,Carlos,Sainz,ferrari,Ferrari,5,10,1.0,Finished
2023_10,2023,10,British Grand Prix,2023-07-09,silverstone,sargeant,SAR,Logan,Sargeant,williams,Williams,14,11,0.0,Finished
2023_10,2023,10,British Grand Prix,2023-07-09,silverstone,bottas,BOT,Valtteri,Bottas,alfa,Alfa Romeo,20,12,0.0,Finished
2023_10,2023,10,British Grand Prix,2023-07-09,silverstone,hulkenberg,HUL,Nico,Hülkenberg,haas,Haas F1 Team,11,13,0.0,Finished
2023_10,2023,10,British Grand Prix,2023-07-09,silverstone,stroll,STR,Lance,Stroll,aston_martin,Aston Martin,12,14,0.0,Finished
2023_10,2023,10,British Grand Prix,2023-07-09,silverstone,zhou,ZHO,Guanyu,Zhou,alfa,Alfa Romeo,17,15,0.0,Finished
2023_10,2023,10,British Grand Prix,2023-07-09,silverstone,tsunoda,TSU,Yuki,Tsunoda,alphatauri,AlphaTauri,16,16,0.0,Finished
2023_10,2023,10,British Grand Prix,2023-07-09,silverstone,de_vries,DEV,Nyck,de Vries,alphatauri,AlphaTauri,18,17,0.0,Finished
2023_10,2023,10,British Grand Prix,2023-07-09,silverstone,gasly,GAS,Pierre,Gasly,alpine,Alpine F1 Team,10,18,0.0,Retired
2023_10,2023,10,British Grand Prix,2023-07-09,silverstone,kevin_magnussen,MAG,Kevin,Magnussen,haas,Haas F1 Team,19,19,0.0,Retired
2023_10,2023,10,British Grand Prix,2023-07-09,silverstone,ocon,OCO,Esteban,Ocon,alpine,Alpine F1 Team,13,20,0.0,Retired
2023_11,2023,11,Hungarian Grand Prix,2023-07-23,hungaroring,max_verstappen,VER,Max,Verstappen,red_bull,Red Bull,2,1,26.0,Finished
2023_11,2023,11,Hungarian Grand Prix,2023-07-23,hungaroring,norris,NOR,Lando,Norris,mclaren,McLaren,3,2,18.0,Finished
2023_11,2023,11,Hungarian Grand Prix,2023-07-23,hungaroring,perez,PER,Sergio,Pérez,red_bull,Red Bull,9,3,15.0,Finished
2023_11,2023,11,Hungarian Grand Prix,2023-07-23,hungaroring,hamilton,HAM,Lewis,Hamilton,mercedes,Mercedes,1,4,12.0,Finished
2023_11,2023,11,Hungarian Grand Prix,2023-07-23,hungaroring,piastri,PIA,Oscar,Piastri,mclaren,McLaren,4,5,10.0,Finished
2023_11,2023,11,Hungarian Grand Prix,2023-07-23,hungaroring,russell,RUS,George,Russell,mercedes,Mercedes,18,6,8.0,Finished
2023_11,2023,11,Hungarian Grand Prix,2023-07-23,hungaroring,leclerc,LEC,Charles,Leclerc,ferrari,Ferrari,6,7,6.0,Finished
2023_11,2023,11,Hungarian Grand Prix,2023-07-23,hungaroring,sainz,SAI,Carlos,Sainz,ferrari,Ferrari,11,8,4.0,Finished
2023_11,2023,11,Hungarian Grand Prix,2023-07-23,hungaroring,alonso,ALO,Fernando,Alonso,aston_martin,Aston Martin,8,9,2.0,Finished
2023_11,2023,11,Hungarian Grand Prix,2023-07-23,hungaroring,stroll,STR,Lance,Stroll,aston_martin,Aston Martin,14,10,1.0,Lapped
2023_11,2023,11,Hungarian Grand Prix,2023-07-23,hungaroring,albon,ALB,Alexander,Albon,williams,Williams,16,11,0.0,Lapped
2023_11,2023,11,Hungarian Grand Prix,2023-07-23,hungaroring,bottas,BOT,Valtteri,Bottas,alfa,Alfa Romeo,7,12,0.0,Lapped
2023_11,2023,11,Hungarian Grand Prix,2023-07-23,hungaroring,ricciardo,RIC,Daniel,Ricciardo,alphatauri,AlphaTauri,13,13,0.0,Lapped
2023_11,2023,11,Hungarian Grand Prix,2023-07-23,hungaroring,hulkenberg,HUL,Nico,Hülkenberg,haas,Haas F1 Team,10,14,0.0,Lapped
2023_11,2023,11,Hungarian Grand Prix,2023-07-23,hungaroring,tsunoda,TSU,Yuki,Tsunoda,alphatauri,AlphaTauri,17,15,0.0,Lapped
2023_11,2023,11,Hungarian Grand Prix,2023-07-23,hungaroring,zhou,ZHO,Guanyu,Zhou,alfa,Alfa Romeo,5,16,0.0,Lapped
2023_11,2023,11,Hungarian Grand Prix,2023-07-23,hungaroring,kevin_magnussen,MAG,Kevin,Magnussen,haas,Haas F1 Team,19,17,0.0,Lapped
2023_11,2023,11,Hungarian Grand Prix,2023-07-23,hungaroring,sargeant,SAR,Logan,Sargeant,williams,Williams,20,18,0.0,Retired
2023_11,2023,11,Hungarian Grand Prix,2023-07-23,hungaroring,ocon,OCO,Esteban,Ocon,alpine,Alpine F1 Team,12,19,0.0,Retired
2023_11,2023,11,Hungarian Grand Prix,2023-07-23,hungaroring,gasly,GAS,Pierre,Gasly,alpine,Alpine F1 Team,15,20,0.0,Retired
2023_12,2023,12,Belgian Grand Prix,2023-07-30,spa,max_verstappen,VER,Max,Verstappen,red_bull,Red Bull,6,1,25.0,Finished
2023_12,2023,12,Belgian Grand Prix,2023-07-30,spa,perez,PER,Sergio,Pérez,red_bull,Red Bull,2,2,18.0,Finished
2023_12,2023,12,Belgian Grand Prix,2023-07-30,spa,leclerc,LEC,Charles,Leclerc,ferrari,Ferrari,1,3,15.0,Finished
2023_12,2023,12,Belgian Grand Prix,2023-07-30,spa,hamilton,HAM,Lewis,Hamilton,mercedes,Mercedes,3,4,13.0,Finished
2023_12,2023,12,Belgian Grand Prix,2023-07-30,spa,alonso,ALO,Fernando,Alonso,aston_martin,Aston Martin,9,5,10.0,Finished
2023_12,2023,12,Belgian Grand Prix,2023-07-30,spa,russell,RUS,George,Russell,mercedes,Mercedes,8,6,8.0,Finished
2023_12,2023,12,Belgian Grand Prix,2023-07-30,spa,norris,NOR,Lando,Norris,mclaren,McLaren,7,7,6.0,Finished
2023_12,2023,12,Belgian Grand Prix,2023-07-30,spa,ocon,OCO,Esteban,Ocon,alpine,Alpine F1 Team,14,8,4.0,Finished
2023_12,2023,12,Belgian Grand Prix,2023-07-30,spa,stroll,STR,Lance,Stroll,aston_martin,Aston Martin,10,9,2.0,Finished
2023_12,2023,12,Belgian Grand Prix,2023-07-30,spa,tsunoda,TSU,Yuki,Tsunoda,alphatauri,AlphaTauri,11,10,1.0,Finished
2023_12,2023,12,Belgian Grand Prix,2023-07-30,spa,gasly,GAS,Pierre,Gasly,alpine,Alpine F1 Team,12,11,0.0,Finished
2023_12,2023,12,Belgian Grand Prix,2023-07-30,spa,bottas,BOT,Valtteri,Bottas,alfa,Alfa Romeo,13,12,0.0,Finished
2023_12,2023,12,Belgian Grand Prix,2023-07-30,spa,zhou,ZHO,Guanyu,Zhou,alfa,Alfa Romeo,17,13,0.0,Finished
2023_12,2023,12,Belgian Grand Prix,2023-07-30,spa,albon,ALB,Alexander,Albon,williams,Williams,15,14,0.0,Finished
2023_12,2023,12,Belgian Grand Prix,2023-07-30,spa,kevin_magnussen,MAG,Kevin,Magnussen,haas,Haas F1 Team,16,15,0.0,Finished
2023_12,2023,12,Belgian Grand Prix,2023-07-30,spa,ricciardo,RIC,Daniel,Ricciardo,alphatauri,AlphaTauri,19,16,0.0,Finished
2023_12,2023,12,Belgian Grand Prix,2023-07-30,spa,sargeant,SAR,Logan,Sargeant,williams,Williams,18,17,0.0,Finished
2023_12,2023,12,Belgian Grand Prix,2023-07-30,spa,hulkenberg,HUL,Nico,Hülkenberg,haas,Haas F1 Team,20,18,0.0,Finished
2023_12,2023,12,Belgian Grand Prix,2023-07-30,spa,sainz,SAI,Carlos,Sainz,ferrari,Ferrari,4,19,0.0,Retired
2023_12,2023,12,Belgian Grand Prix,2023-07-30,spa,piastri,PIA,Oscar,Piastri,mclaren,McLaren,5,20,0.0,Retired
2023_13,2023,13,Dutch Grand Prix,2023-08-27,zandvoort,max_verstappen,VER,Max,Verstappen,red_bull,Red Bull,1,1,25.0,Finished
2023_13,2023,13,Dutch Grand Prix,2023-08-27,zandvoort,alonso,ALO,Fernando,Alonso,aston_martin,Aston Martin,5,2,19.0,Finished
2023_13,2023,13,Dutch Grand Prix,2023-08-27,zandvoort,gasly,GAS,Pierre,Gasly,alpine,Alpine F1 Team,12,3,15.0,Finished
2023_13,2023,13,Dutch Grand Prix,2023-08-27,zandvoort,perez,PER,Sergio,Pérez,red_bull,Red Bull,7,4,12.0,Finished
2023_13,2023,13,Dutch Grand Prix,2023-08-27,zandvoort,sainz,SAI,Carlos,Sainz,ferrari,Ferrari,6,5,10.0,Finished
2023_13,2023,13,Dutch Grand Prix,2023-08-27,zandvoort,hamilton,HAM,Lewis,Hamilton,mercedes,Mercedes,13,6,8.0,Finished
2023_13,2023,13,Dutch Grand Prix,2023-08-27,zandvoort,norris,NOR,Lando,Norris,mclaren,McLaren,2,7,6.0,Finished
2023_13,2023,13,Dutch Grand Prix,2023-08-27,zandvoort,albon,ALB,Alexander,Albon,williams,Williams,4,8,4.0,Finished
2023_13,2023,13,Dutch Grand Prix,2023-08-27,zandvoort,piastri,PIA,Oscar,Piastri,mclaren,McLaren,8,9,2.0,Finished
2023_13,2023,13,Dutch Grand Prix,2023-08-27,zandvoort,ocon,OCO,Esteban,Ocon,alpine,Alpine F1 Team,16,10,1.0,Finished
2023_13,2023,13,Dutch Grand Prix,2023-08-27,zandvoort,stroll,STR,Lance,Stroll,aston_martin,Aston Martin,11,11,0.0,Finished
2023_13,2023,13,Dutch Grand Prix,2023-08-27,zandvoort,hulkenberg,HUL,Nico,Hülkenberg,haas,Haas F1 Team,14,12,0.0,Finished
2023_13,2023,13,Dutch Grand Prix,2023-08-27,zandvoort,lawson,LAW,Liam,Lawson,alphatauri,AlphaTauri,19,13,0.0,Finished
2023_13,2023,13,Dutch Grand Prix,2023-08-27,zandvoort,bottas,BOT,Valtteri,Bottas,alfa,Alfa Romeo,18,14,0.0,Finished
2023_13,2023,13,Dutch Grand Prix,2023-08-27,zandvoort,tsunoda,TSU,Yuki,Tsunoda,alphatauri,AlphaTauri,17,15,0.0,Finished
2023_13,2023,13,Dutch Grand Prix,2023-08-27,zandvoort,kevin_magnussen,MAG,Kevin,Magnussen,haas,Haas F1 Team,0,16,0.0,Finished
2023_13,2023,13,Dutch Grand Prix,2023-08-27,zandvoort,russell,RUS,George,Russell,mercedes,Mercedes,3,17,0.0,Finished
2023_13,2023,13,Dutch Grand Prix,2023-08-27,zandvoort,zhou,ZHO,Guanyu,Zhou,alfa,Alfa Romeo,15,18,0.0,Accident
2023_13,2023,13,Dutch Grand Prix,2023-08-27,zandvoort,leclerc,LEC,Charles,Leclerc,ferrari,Ferrari,9,19,0.0,Undertray
2023_13,2023,13,Dutch Grand Prix,2023-08-27,zandvoort,sargeant,SAR,Logan,Sargeant,williams,Williams,10,20,0.0,Accident
2023_14,2023,14,Italian Grand Prix,2023-09-03,monza,max_verstappen,VER,Max,Verstappen,red_bull,Red Bull,2,1,25.0,Finished
2023_14,2023,14,Italian Grand Prix,2023-09-03,monza,perez,PER,Sergio,Pérez,red_bull,Red Bull,5,2,18.0,Finished
2023_14,2023,14,Italian Grand Prix,2023-09-03,monza,sainz,SAI,Carlos,Sainz,ferrari,Ferrari,1,3,15.0,Finished
2023_14,2023,14,Italian Grand Prix,2023-09-03,monza,leclerc,LEC,Charles,Leclerc,ferrari,Ferrari,3,4,12.0,Finished
2023_14,2023,14,Italian Grand Prix,2023-09-03,monza,russell,RUS,George,Russell,mercedes,Mercedes,4,5,10.0,Finished
2023_14,2023,14,Italian Grand Prix,2023-09-03,monza,hamilton,HAM,Lewis,Hamilton,mercedes,Mercedes,8,6,8.0,Finished
2023_14,2023,14,Italian Grand Prix,2023-09-03,monza,albon,ALB,Alexander,Albon,williams,Williams,6,7,6.0,Finished
2023_14,2023,14,Italian Grand Prix,2023-09-03,monza,norris,NOR,Lando,Norris,mclaren,McLaren,9,8,4.0,Finished
2023_14,2023,14,Italian Grand Prix,2023-09-03,monza,alonso,ALO,Fernando,Alonso,aston_martin,Aston Martin,10,9,2.0,Finished
2023_14,2023,14,Italian Grand Prix,2023-09-03,monza,bottas,BOT,Valtteri,Bottas,alfa,Alfa Romeo,14,10,1.0,Finished
2023_14,2023,14,Italian Grand Prix,2023-09-03,monza,lawson,LAW,Liam,Lawson,alphatauri,AlphaTauri,12,11,0.0,Finished
2023_14,2023,14,Italian Grand Prix,2023-09-03,monza,piastri,PIA,Oscar,Piastri,mclaren,McLaren,7,12,0.0,Finished
2023_14,2023,14,Italian Grand Prix,2023-09-03,monza,sargeant,SAR,Logan,Sargeant,williams,Williams,15,13,0.0,Finished
2023_14,2023,14,Italian Grand Prix,2023-09-03,monza,zhou,ZHO,Guanyu,Zhou,alfa,Alfa Romeo,16,14,0.0,Finished
2023_14,2023,14,Italian Grand Prix,2023-09-03,monza,gasly,GAS,Pierre,Gasly,alpine,Alpine F1 Team,17,15,0.0,Finished
2023_14,2023,14,Italian Grand Prix,2023-09-03,monza,stroll,STR,Lance,Stroll,aston_martin,Aston Martin,20,16,0.0,Finished
2023_14,2023,14,Italian Grand Prix,2023-09-03,monza,hulkenberg,HUL,Nico,Hülkenberg,haas,Haas F1 Team,13,17,0.0,Lapped
2023_14,2023,14,Italian Grand Prix,2023-09-03,monza,kevin_magnussen,MAG,Kevin,Magnussen,haas,Haas F1 Team,19,18,0.0,Lapped
2023_14,2023,14,Italian Grand Prix,2023-09-03,monza,ocon,OCO,Esteban,Ocon,alpine,Alpine F1 Team,18,19,0.0,Retired
2023_14,2023,14,Italian Grand Prix,2023-09-03,monza,tsunoda,TSU,Yuki,Tsunoda,alphatauri,AlphaTauri,11,20,0.0,Did not start
2023_15,2023,15,Singapore Grand Prix,2023-09-17,marina_bay,sainz,SAI,Carlos,Sainz,ferrari,Ferrari,1,1,25.0,Finished
2023_15,2023,15,Singapore Grand Prix,2023-09-17,marina_bay,norris,NOR,Lando,Norris,mclaren,McLaren,4,2,18.0,Finished
2023_15,2023,15,Singapore Grand Prix,2023-09-17,marina_bay,hamilton,HAM,Lewis,Hamilton,mercedes,Mercedes,5,3,16.0,Finished
2023_15,2023,15,Singapore Grand Prix,2023-09-17,marina_bay,leclerc,LEC,Charles,Leclerc,ferrari,Ferrari,3,4,12.0,Finished
2023_15,2023,15,Singapore Grand Prix,2023-09-17,marina_bay,max_verstappen,VER,Max,Verstappen,red_bull,Red Bull,11,5,10.0,Finished
2023_15,2023,15,Singapore Grand Prix,2023-09-17,marina_bay,gasly,GAS,Pierre,Gasly,alpine,Alpine F1 Team,12,6,8.0,Finished
2023_15,2023,15,Singapore Grand Prix,2023-09-17,marina_bay,piastri,PIA,Oscar,Piastri,mclaren,McLaren,17,7,6.0,Finished
2023_15,2023,15,Singapore Grand Prix,2023-09-17,marina_bay,perez,PER,Sergio,Pérez,red_bull,Red Bull,13,8,4.0,Finished
2023_15,2023,15,Singapore Grand Prix,2023-09-17,marina_bay,lawson,LAW,Liam,Lawson,alphatauri,AlphaTauri,10,9,2.0,Finished
2023_15,2023,15,Singapore Grand Prix,2023-09-17,marina_bay,kevin_magnussen,MAG,Kevin,Magnussen,haas,Haas F1 Team,6,10,1.0,Finished
2023_15,2023,15,Singapore Grand Prix,2023-09-17,marina_bay,albon,ALB,Alexander,Albon,williams,Williams,14,11,0.0,Finished
2023_15,2023,15,Singapore Grand Prix,2023-09-17,marina_bay,zhou,ZHO,Guanyu,Zhou,alfa,Alfa Romeo,19,12,0.0,Finished
2023_15,2023,15,Singapore Grand Prix,2023-09-17,marina_bay,hulkenberg,HUL,Nico,Hülkenberg,haas,Haas F1 Team,9,13,0.0,Finished
2023_15,2023,15,Singapore Grand Prix,2023-09-17,marina_bay,sargeant,SAR,Logan,Sargeant,williams,Williams,18,14,0.0,Finished
2023_15,2023,15,Singapore Grand Prix,2023-09-17,marina_bay,alonso,ALO,Fernando,Alonso,aston_martin,Aston Martin,7,15,0.0,Finished
2023_15,2023,15,Singapore Grand Prix,2023-09-17,marina_bay,russell,RUS,George,Russell,mercedes,Mercedes,2,16,0.0,Retired
2023_15,2023,15,Singapore Grand Prix,2023-09-17,marina_bay,bottas,BOT,Valtteri,Bottas,alfa,Alfa Romeo,16,17,0.0,Retired
2023_15,2023,15,Singapore Grand Prix,2023-09-17,marina_bay,ocon,OCO,Esteban,Ocon,alpine,Alpine F1 Team,8,18,0.0,Retired
2023_15,2023,15,Singapore Grand Prix,2023-09-17,marina_bay,tsunoda,TSU,Yuki,Tsunoda,alphatauri,AlphaTauri,15,19,0.0,Retired
2023_15,2023,15,Singapore Grand Prix,2023-09-17,marina_bay,stroll,STR,Lance,Stroll,aston_martin,Aston Martin,0,20,0.0,Withdrew
2023_16,2023,16,Japanese Grand Prix,2023-09-24,suzuka,max_verstappen,VER,Max,Verstappen,red_bull,Red Bull,1,1,26.0,Finished
2023_16,2023,16,Japanese Grand Prix,2023-09-24,suzuka,norris,NOR,Lando,Norris,mclaren,McLaren,3,2,18.0,Finished
2023_16,2023,16,Japanese Grand Prix,2023-09-24,suzuka,piastri,PIA,Oscar,Piastri,mclaren,McLaren,2,3,15.0,Finished
2023_16,2023,16,Japanese Grand Prix,2023-09-24,suzuka,leclerc,LEC,Charles,Leclerc,ferrari,Ferrari,4,4,12.0,Finished
2023_16,2023,16,Japanese Grand Prix,2023-09-24,suzuka,hamilton,HAM,Lewis,Hamilton,mercedes,Mercedes,7,5,10.0,Finished
2023_16,2023,16,Japanese Grand Prix,2023-09-24,suzuka,sainz,SAI,Carlos,Sainz,ferrari,Ferrari,6,6,8.0,Finished
2023_16,2023,16,Japanese Grand Prix,2023-09-24,suzuka,russell,RUS,George,Russell,mercedes,Mercedes,8,7,6.0,Finished
2023_16,2023,16,Japanese Grand Prix,2023-09-24,suzuka,alonso,ALO,Fernando,Alonso,aston_martin,Aston Martin,10,8,4.0,Finished
2023_16,2023,16,Japanese Grand Prix,2023-09-24,suzuka,ocon,OCO,Esteban,Ocon,alpine,Alpine F1 Team,14,9,2.0,Finished
2023_16,2023,16,Japanese Grand Prix,2023-09-24,suzuka,gasly,GAS,Pierre,Gasly,alpine,Alpine F1 Team,12,10,1.0,Finished
2023_16,2023,16,Japanese Grand Prix,2023-09-24,suzuka,lawson,LAW,Liam,Lawson,alphatauri,AlphaTauri,11,11,0.0,Lapped
2023_16,2023,16,Japanese Grand Prix,2023-09-24,suzuka,tsunoda,TSU,Yuki,Tsunoda,alphatauri,AlphaTauri,9,12,0.0,Lapped
2023_16,2023,16,Japanese Grand Prix,2023-09-24,suzuka,zhou,ZHO,Guanyu,Zhou,alfa,Alfa Romeo,19,13,0.0,Lapped
2023_16,2023,16,Japanese Grand Prix,2023-09-24,suzuka,hulkenberg,HUL,Nico,Hülkenberg,haas,Haas F1 Team,18,14,0.0,Lapped
2023_16,2023,16,Japanese Grand Prix,2023-09-24,suzuka,kevin_magnussen,MAG,Kevin,Magnussen,haas,Haas F1 Team,15,15,0.0,Lapped
2023_16,2023,16,Japanese Grand Prix,2023-09-24,suzuka,albon,ALB,Alexander,Albon,williams,Williams,13,16,0.0,Retired
2023_16,2023,16,Japanese Grand Prix,2023-09-24,suzuka,sargeant,SAR,Logan,Sargeant,williams,Williams,20,17,0.0,Retired
2023_16,2023,16,Japanese Grand Prix,2023-09-24,suzuka,stroll,STR,Lance,Stroll,aston_martin,Aston Martin,17,18,0.0,Retired
2023_16,2023,16,Japanese Grand Prix,2023-09-24,suzuka,perez,PER,Sergio,Pérez,red_bull,Red Bull,5,19,0.0,Retired
2023_16,2023,16,Japanese Grand Prix,2023-09-24,suzuka,bottas,BOT,Valtteri,Bottas,alfa,Alfa Romeo,16,20,0.0,Retired
2023_17,2023,17,Qatar Grand Prix,2023-10-08,losail,max_verstappen,VER,Max,Verstappen,red_bull,Red Bull,1,1,26.0,Finished
2023_17,2023,17,Qatar Grand Prix,2023-10-08,losail,piastri,PIA,Oscar,Piastri,mclaren,McLaren,6,2,18.0,Finished
2023_17,2023,17,Qatar Grand Prix,2023-10-08,losail,norris,NOR,Lando,Norris,mclaren,McLaren,10,3,15.0,Finished
2023_17,2023,17,Qatar Grand Prix,2023-10-08,losail,russell,RUS,George,Russell,mercedes,Mercedes,2,4,12.0,Finished
2023_17,2023,17,Qatar Grand Prix,2023-10-08,losail,leclerc,LEC,Charles,Leclerc,ferrari,Ferrari,5,5,10.0,Finished
2023_17,2023,17,Qatar Grand Prix,2023-10-08,losail,alonso,ALO,Fernando,Alonso,aston_martin,Aston Martin,4,6,8.0,Finished
2023_17,2023,17,Qatar Grand Prix,2023-10-08,losail,ocon,OCO,Esteban,Ocon,alpine,Alpine F1 Team,8,7,6.0,Finished
2023_17,2023,17,Qatar Grand Prix,2023-10-08,losail,bottas,BOT,Valtteri,Bottas,alfa,Alfa Romeo,9,8,4.0,Finished
2023_17,2023,17,Qatar Grand Prix,2023-10-08,losail,zhou,ZHO,Guanyu,Zhou,alfa,Alfa Romeo,19,9,2.0,Finished
2023_17,2023,17,Qatar Grand Prix,2023-10-08,losail,perez,PER,Sergio,Pérez,red_bull,Red Bull,20,10,1.0,Finished
2023_17,2023,17,Qatar Grand Prix,2023-10-08,losail,stroll,STR,Lance,Stroll,aston_martin,Aston Martin,16,11,0.0,Finished
2023_17,2023,17,Qatar Grand Prix,2023-10-08,losail,gasly,GAS,Pierre,Gasly,alpine,Alpine F1 Team,7,12,0.0,Finished
2023_17,2023,17,Qatar Grand Prix,2023-10-08,losail,albon,ALB,Alexander,Albon,williams,Williams,13,13,0.0,Finished
2023_17,2023,17,Qatar Grand Prix,2023-10-08,losail,kevin_magnussen,MAG,Kevin,Magnussen,haas,Haas F1 Team,18,14,0.0,Lapped
2023_17,2023,17,Qatar Grand Prix,2023-10-08,losail,tsunoda,TSU,Yuki,Tsunoda,alphatauri,AlphaTauri,11,15,0.0,Lapped
2023_17,2023,17,Qatar Grand Prix,2023-10-08,losail,hulkenberg,HUL,Nico,Hülkenberg,haas,Haas F1 Team,14,16,0.0,Lapped
2023_17,2023,17,Qatar Grand Prix,2023-10-08,losail,lawson,LAW,Liam,Lawson,alphatauri,AlphaTauri,17,17,0.0,Lapped
2023_17,2023,17,Qatar Grand Prix,2023-10-08,losail,sargeant,SAR,Logan,Sargeant,williams,Williams,15,18,0.0,Retired
2023_17,2023,17,Qatar Grand Prix,2023-10-08,losail,hamilton,HAM,Lewis,Hamilton,mercedes,Mercedes,3,19,0.0,Retired
2023_17,2023,17,Qatar Grand Prix,2023-10-08,losail,sainz,SAI,Carlos,Sainz,ferrari,Ferrari,12,20,0.0,Did not start
2023_18,2023,18,United States Grand Prix,2023-10-22,americas,max_verstappen,VER,Max,Verstappen,red_bull,Red Bull,6,1,25.0,Finished
2023_18,2023,18,United States Grand Prix,2023-10-22,americas,norris,NOR,Lando,Norris,mclaren,McLaren,2,2,18.0,Finished
2023_18,2023,18,United States Grand Prix,2023-10-22,americas,sainz,SAI,Carlos,Sainz,ferrari,Ferrari,4,3,15.0,Finished
2023_18,2023,18,United States Grand Prix,2023-10-22,americas,perez,PER,Sergio,Pérez,red_bull,Red Bull,9,4,12.0,Finished
2023_18,2023,18,United States Grand Prix,2023-10-22,americas,russell,RUS,George,Russell,mercedes,Mercedes,5,5,10.0,Finished
2023_18,2023,18,United States Grand Prix,2023-10-22,americas,gasly,GAS,Pierre,Gasly,alpine,Alpine F1 Team,7,6,8.0,Finished
2023_18,2023,18,United States Grand Prix,2023-10-22,americas,stroll,STR,Lance,Stroll,aston_martin,Aston Martin,20,7,6.0,Finished
2023_18,2023,18,United States Grand Prix,2023-10-22,americas,tsunoda,TSU,Yuki,Tsunoda,alphatauri,AlphaTauri,11,8,5.0,Finished
2023_18,2023,18,United States Grand Prix,2023-10-22,americas,albon,ALB,Alexander,Albon,williams,Williams,15,9,2.0,Finished
2023_18,2023,18,United States Grand Prix,2023-10-22,americas,sargeant,SAR,Logan,Sargeant,williams,Williams,16,10,1.0,Finished
2023_18,2023,18,United States Grand Prix,2023-10-22,americas,hulkenberg,HUL,Nico,Hülkenberg,haas,Haas F1 Team,18,11,0.0,Finished
2023_18,2023,18,United States Grand Prix,2023-10-22,americas,bottas,BOT,Valtteri,Bottas,alfa,Alfa Romeo,13,12,0.0,Finished
2023_18,2023,18,United States Grand Prix,2023-10-22,americas,zhou,ZHO,Guanyu,Zhou,alfa,Alfa Romeo,12,13,0.0,Lapped
2023_18,2023,18,United States Grand Prix,2023-10-22,americas,kevin_magnussen,MAG,Kevin,Magnussen,haas,Haas F1 Team,17,14,0.0,Lapped
2023_18,2023,18,United States Grand Prix,2023-10-22,americas,ricciardo,RIC,Daniel,Ricciardo,alphatauri,AlphaTauri,14,15,0.0,Lapped
2023_18,2023,18,United States Grand Prix,2023-10-22,americas,alonso,ALO,Fernando,Alonso,aston_martin,Aston Martin,19,16,0.0,Retired
2023_18,2023,18,United States Grand Prix,2023-10-22,americas,piastri,PIA,Oscar,Piastri,mclaren,McLaren,10,17,0.0,Retired
2023_18,2023,18,United States Grand Prix,2023-10-22,americas,ocon,OCO,Esteban,Ocon,alpine,Alpine F1 Team,8,18,0.0,Retired
2023_18,2023,18,United States Grand Prix,2023-10-22,americas,hamilton,HAM,Lewis,Hamilton,mercedes,Mercedes,3,19,0.0,Disqualified
2023_18,2023,18,United States Grand Prix,2023-10-22,americas,leclerc,LEC,Charles,Leclerc,ferrari,Ferrari,1,20,0.0,Disqualified
2023_19,2023,19,Mexico City Grand Prix,2023-10-29,rodriguez,max_verstappen,VER,Max,Verstappen,red_bull,Red Bull,3,1,25.0,Finished
2023_19,2023,19,Mexico City Grand Prix,2023-10-29,rodriguez,hamilton,HAM,Lewis,Hamilton,mercedes,Mercedes,6,2,19.0,Finished
2023_19,2023,19,Mexico City Grand Prix,2023-10-29,rodriguez,leclerc,LEC,Charles,Leclerc,ferrari,Ferrari,1,3,15.0,Finished
2023_19,2023,19,Mexico City Grand Prix,2023-10-29,rodriguez,sainz,SAI,Carlos,Sainz,ferrari,Ferrari,2,4,12.0,Finished
2023_19,2023,19,Mexico City Grand Prix,2023-10-29,rodriguez,norris,NOR,Lando,Norris,mclaren,McLaren,17,5,10.0,Finished
2023_19,2023,19,Mexico City Grand Prix,2023-10-29,rodriguez,russell,RUS,George,Russell,mercedes,Mercedes,8,6,8.0,Finished
2023_19,2023,19,Mexico City Grand Prix,2023-10-29,rodriguez,ricciardo,RIC,Daniel,Ricciardo,alphatauri,AlphaTauri,4,7,6.0,Finished
2023_19,2023,19,Mexico City Grand Prix,2023-10-29,rodriguez,piastri,PIA,Oscar,Piastri,mclaren,McLaren,7,8,4.0,Finished
2023_19,2023,19,Mexico City Grand Prix,2023-10-29,rodriguez,albon,ALB,Alexander,Albon,williams,Williams,14,9,2.0,Finished
2023_19,2023,19,Mexico City Grand Prix,2023-10-29,rodriguez,ocon,OCO,Esteban,Ocon,alpine,Alpine F1 Team,15,10,1.0,Finished
2023_19,2023,19,Mexico City Grand Prix,2023-10-29,rodriguez,gasly,GAS,Pierre,Gasly,alpine,Alpine F1 Team,11,11,0.0,Finished
2023_19,2023,19,Mexico City Grand Prix,2023-10-29,rodriguez,tsunoda,TSU,Yuki,Tsunoda,alphatauri,AlphaTauri,18,12,0.0,Finished
2023_19,2023,19,Mexico City Grand Prix,2023-10-29,rodriguez,hulkenberg,HUL,Nico,Hülkenberg,haas,Haas F1 Team,12,13,0.0,Finished
2023_19,2023,19,Mexico City Grand Prix,2023-10-29,rodriguez,zhou,ZHO,Guanyu,Zhou,alfa,Alfa Romeo,10,14,0.0,Finished
2023_19,2023,19,Mexico City Grand Prix,2023-10-29,rodriguez,bottas,BOT,Valtteri,Bottas,alfa,Alfa Romeo,9,15,0.0,Finished
2023_19,2023,19,Mexico City Grand Prix,2023-10-29,rodriguez,sargeant,SAR,Logan,Sargeant,williams,Williams,19,16,0.0,Retired
2023_19,2023,19,Mexico City Grand Prix,2023-10-29,rodriguez,stroll,STR,Lance,Stroll,aston_martin,Aston Martin,0,17,0.0,Collision damage
2023_19,2023,19,Mexico City Grand Prix,2023-10-29,rodriguez,alonso,ALO,Fernando,Alonso,aston_martin,Aston Martin,13,18,0.0,Withdrew
2023_19,2023,19,Mexico City Grand Prix,2023-10-29,rodriguez,kevin_magnussen,MAG,Kevin,Magnussen,haas,Haas F1 Team,16,19,0.0,Accident
2023_19,2023,19,Mexico City Grand Prix,2023-10-29,rodriguez,perez,PER,Sergio,Pérez,red_bull,Red Bull,5,20,0.0,Collision damage
2023_20,2023,20,São Paulo Grand Prix,2023-11-05,interlagos,max_verstappen,VER,Max,Verstappen,red_bull,Red Bull,1,1,25.0,Finished
2023_20,2023,20,São Paulo Grand Prix,2023-11-05,interlagos,norris,NOR,Lando,Norris,mclaren,McLaren,6,2,19.0,Finished
2023_20,2023,20,São Paulo Grand Prix,2023-11-05,interlagos,alonso,ALO,Fernando,Alonso,aston_martin,Aston Martin,4,3,15.0,Finished
2023_20,2023,20,São Paulo Grand Prix,2023-11-05,interlagos,perez,PER,Sergio,Pérez,red_bull,Red Bull,9,4,12.0,Finished
2023_20,2023,20,São Paulo Grand Prix,2023-11-05,interlagos,stroll,STR,Lance,Stroll,aston_martin,Aston Martin,3,5,10.0,Finished
2023_20,2023,20,São Paulo Grand Prix,2023-11-05,interlagos,sainz,SAI,Carlos,Sainz,ferrari,Ferrari,7,6,8.0,Finished
2023_20,2023,20,São Paulo Grand Prix,2023-11-05,interlagos,gasly,GAS,Pierre,Gasly,alpine,Alpine F1 Team,15,7,6.0,Finished
2023_20,2023,20,São Paulo Grand Prix,2023-11-05,interlagos,hamilton,HAM,Lewis,Hamilton,mercedes,Mercedes,5,8,4.0,Finished
2023_20,2023,20,São Paulo Grand Prix,2023-11-05,interlagos,tsunoda,TSU,Yuki,Tsunoda,alphatauri,AlphaTauri,16,9,2.0,Finished
2023_20,2023,20,São Paulo Grand Prix,2023-11-05,interlagos,ocon,OCO,Esteban,Ocon,alpine,Alpine F1 Team,14,10,1.0,Lapped
2023_20,2023,20,São Paulo Grand Prix,2023-11-05,interlagos,sargeant,SAR,Logan,Sargeant,williams,Williams,19,11,0.0,Lapped
2023_20,2023,20,São Paulo Grand Prix,2023-11-05,interlagos,hulkenberg,HUL,Nico,Hülkenberg,haas,Haas F1 Team,11,12,0.0,Lapped
2023_20,2023,20,São Paulo Grand Prix,2023-11-05,interlagos,ricciardo,RIC,Daniel,Ricciardo,alphatauri,AlphaTauri,17,13,0.0,Lapped
2023_20,2023,20,São Paulo Grand Prix,2023-11-05,interlagos,piastri,PIA,Oscar,Piastri,mclaren,McLaren,10,14,0.0,Lapped
2023_20,2023,20,São Paulo Grand Prix,2023-11-05,interlagos,russell,RUS,George,Russell,mercedes,Mercedes,8,15,0.0,Retired
2023_20,2023,20,São Paulo Grand Prix,2023-11-05,interlagos,bottas,BOT,Valtteri,Bottas,alfa,Alfa Romeo,18,16,0.0,Retired
2023_20,2023,20,São Paulo Grand Prix,2023-11-05,interlagos,zhou,ZHO,Guanyu,Zhou,alfa,Alfa Romeo,20,17,0.0,Retired
2023_20,2023,20,São Paulo Grand Prix,2023-11-05,interlagos,kevin_magnussen,MAG,Kevin,Magnussen,haas,Haas F1 Team,12,18,0.0,Retired
2023_20,2023,20,São Paulo Grand Prix,2023-11-05,interlagos,albon,ALB,Alexander,Albon,williams,Williams,13,19,0.0,Retired
2023_20,2023,20,São Paulo Grand Prix,2023-11-05,interlagos,leclerc,LEC,Charles,Leclerc,ferrari,Ferrari,2,20,0.0,Did not start
2023_21,2023,21,Las Vegas Grand Prix,2023-11-19,vegas,max_verstappen,VER,Max,Verstappen,red_bull,Red Bull,2,1,25.0,Finished
2023_21,2023,21,Las Vegas Grand Prix,2023-11-19,vegas,leclerc,LEC,Charles,Leclerc,ferrari,Ferrari,1,2,18.0,Finished
2023_21,2023,21,Las Vegas Grand Prix,2023-11-19,vegas,perez,PER,Sergio,Pérez,red_bull,Red Bull,11,3,15.0,Finished
2023_21,2023,21,Las Vegas Grand Prix,2023-11-19,vegas,ocon,OCO,Esteban,Ocon,alpine,Alpine F1 Team,16,4,12.0,Finished
2023_21,2023,21,Las Vegas Grand Prix,2023-11-19,vegas,stroll,STR,Lance,Stroll,aston_martin,Aston Martin,19,5,10.0,Finished
2023_21,2023,21,Las Vegas Grand Prix,2023-11-19,vegas,sainz,SAI,Carlos,Sainz,ferrari,Ferrari,12,6,8.0,Finished
2023_21,2023,21,Las Vegas Grand Prix,2023-11-19,vegas,hamilton,HAM,Lewis,Hamilton,mercedes,Mercedes,10,7,6.0,Finished
2023_21,2023,21,Las Vegas Grand Prix,2023-11-19,vegas,russell,RUS,George,Russell,mercedes,Mercedes,3,8,4.0,Finished
2023_21,2023,21,Las Vegas Grand Prix,2023-11-19,vegas,alonso,ALO,Fernando,Alonso,aston_martin,Aston Martin,9,9,2.0,Finished
2023_21,2023,21,Las Vegas Grand Prix,2023-11-19,vegas,piastri,PIA,Oscar,Piastri,mclaren,McLaren,18,10,2.0,Finished
2023_21,2023,21,Las Vegas Grand Prix,2023-11-19,vegas,gasly,GAS,Pierre,Gasly,alpine,Alpine F1 Team,4,11,0.0,Finished
2023_21,2023,21,Las Vegas Grand Prix,2023-11-19,vegas,albon,ALB,Alexander,Albon,williams,Williams,5,12,0.0,Finished
2023_21,2023,21,Las Vegas Grand Prix,2023-11-19,vegas,kevin_magnussen,MAG,Kevin,Magnussen,haas,Haas F1 Team,8,13,0.0,Finished
2023_21,2023,21,Las Vegas Grand Prix,2023-11-19,vegas,ricciardo,RIC,Daniel,Ricciardo,alphatauri,AlphaTauri,14,14,0.0,Finished
2023_21,2023,21,Las Vegas Grand Prix,2023-11-19,vegas,zhou,ZHO,Guanyu,Zhou,alfa,Alfa Romeo,17,15,0.0,Finished
2023_21,2023,21,Las Vegas Grand Prix,2023-11-19,vegas,sargeant,SAR,Logan,Sargeant,williams,Williams,6,16,0.0,Finished
2023_21,2023,21,Las Vegas Grand Prix,2023-11-19,vegas,bottas,BOT,Valtteri,Bottas,alfa,Alfa Romeo,7,17,0.0,Finished
2023_21,2023,21,Las Vegas Grand Prix,2023-11-19,vegas,tsunoda,TSU,Yuki,Tsunoda,alphatauri,AlphaTauri,20,18,0.0,Retired
2023_21,2023,21,Las Vegas Grand Prix,2023-11-19,vegas,hulkenberg,HUL,Nico,Hülkenberg,haas,Haas F1 Team,13,19,0.0,Retired
2023_21,2023,21,Las Vegas Grand Prix,2023-11-19,vegas,norris,NOR,Lando,Norris,mclaren,McLaren,15,20,0.0,Retired
2023_22,2023,22,Abu Dhabi Grand Prix,2023-11-26,yas_marina,max_verstappen,VER,Max,Verstappen,red_bull,Red Bull,1,1,26.0,Finished
2023_22,2023,22,Abu Dhabi Grand Prix,2023-11-26,yas_marina,leclerc,LEC,Charles,Leclerc,ferrari,Ferrari,2,2,18.0,Finished
2023_22,2023,22,Abu Dhabi Grand Prix,2023-11-26,yas_marina,russell,RUS,George,Russell,mercedes,Mercedes,4,3,15.0,Finished
2023_22,2023,22,Abu Dhabi Grand Prix,2023-11-26,yas_marina,perez,PER,Sergio,Pérez,red_bull,Red Bull,9,4,12.0,Finished
2023_22,2023,22,Abu Dhabi Grand Prix,2023-11-26,yas_marina,norris,NOR,Lando,Norris,mclaren,McLaren,5,5,10.0,Finished
2023_22,2023,22,Abu Dhabi Grand Prix,2023-11-26,yas_marina,piastri,PIA,Oscar,Piastri,mclaren,McLaren,3,6,8.0,Finished
2023_22,2023,22,Abu Dhabi Grand Prix,2023-11-26,yas_marina,alonso,ALO,Fernando,Alonso,aston_martin,Aston Martin,7,7,6.0,Finished
2023_22,2023,22,Abu Dhabi Grand Prix,2023-11-26,yas_marina,tsunoda,TSU,Yuki,Tsunoda,alphatauri,AlphaTauri,6,8,4.0,Finished
2023_22,2023,22,Abu Dhabi Grand Prix,2023-11-26,yas_marina,hamilton,HAM,Lewis,Hamilton,mercedes,Mercedes,11,9,2.0,Finished
2023_22,2023,22,Abu Dhabi Grand Prix,2023-11-26,yas_marina,stroll,STR,Lance,Stroll,aston_martin,Aston Martin,13,10,1.0,Finished
2023_22,2023,22,Abu Dhabi Grand Prix,2023-11-26,yas_marina,ricciardo,RIC,Daniel,Ricciardo,alphatauri,AlphaTauri,15,11,0.0,Finished
2023_22,2023,22,Abu Dhabi Grand Prix,2023-11-26,yas_marina,ocon,OCO,Esteban,Ocon,alpine,Alpine F1 Team,12,12,0.0,Finished
2023_22,2023,22,Abu Dhabi Grand Prix,2023-11-26,yas_marina,gasly,GAS,Pierre,Gasly,alpine,Alpine F1 Team,10,13,0.0,Finished
2023_22,2023,22,Abu Dhabi Grand Prix,2023-11-26,yas_marina,albon,ALB,Alexander,Albon,williams,Williams,14,14,0.0,Finished
2023_22,2023,22,Abu Dhabi Grand Prix,2023-11-26,yas_marina,hulkenberg,HUL,Nico,Hülkenberg,haas,Haas F1 Team,8,15,0.0,Finished
2023_22,2023,22,Abu Dhabi Grand Prix,2023-11-26,yas_marina,sargeant,SAR,Logan,Sargeant,williams,Williams,20,16,0.0,Finished
2023_22,2023,22,Abu Dhabi Grand Prix,2023-11-26,yas_marina,zhou,ZHO,Guanyu,Zhou,alfa,Alfa Romeo,19,17,0.0,Finished
2023_22,2023,22,Abu Dhabi Grand Prix,2023-11-26,yas_marina,sainz,SAI,Carlos,Sainz,ferrari,Ferrari,16,18,0.0,Retired
2023_22,2023,22,Abu Dhabi Grand Prix,2023-11-26,yas_marina,bottas,BOT,Valtteri,Bottas,alfa,Alfa Romeo,18,19,0.0,Lapped
2023_22,2023,22,Abu Dhabi Grand Prix,2023-11-26,yas_marina,kevin_magnussen,MAG,Kevin,Magnussen,haas,Haas F1 Team,17,20,0.0,Lapped
2024_1,2024,1,Bahrain Grand Prix,2024-03-02,bahrain,max_verstappen,VER,Max,Verstappen,red_bull,Red Bull,1,1,26.0,Finished
2024_1,2024,1,Bahrain Grand Prix,2024-03-02,bahrain,perez,PER,Sergio,Pérez,red_bull,Red Bull,5,2,18.0,Finished
2024_1,2024,1,Bahrain Grand Prix,2024-03-02,bahrain,sainz,SAI,Carlos,Sainz,ferrari,Ferrari,4,3,15.0,Finished
2024_1,2024,1,Bahrain Grand Prix,2024-03-02,bahrain,leclerc,LEC,Charles,Leclerc,ferrari,Ferrari,2,4,12.0,Finished
2024_1,2024,1,Bahrain Grand Prix,2024-03-02,bahrain,russell,RUS,George,Russell,mercedes,Mercedes,3,5,10.0,Finished
2024_1,2024,1,Bahrain Grand Prix,2024-03-02,bahrain,norris,NOR,Lando,Norris,mclaren,McLaren,7,6,8.0,Finished
2024_1,2024,1,Bahrain Grand Prix,2024-03-02,bahrain,hamilton,HAM,Lewis,Hamilton,mercedes,Mercedes,9,7,6.0,Finished
2024_1,2024,1,Bahrain Grand Prix,2024-03-02,bahrain,piastri,PIA,Oscar,Piastri,mclaren,McLaren,8,8,4.0,Finished
2024_1,2024,1,Bahrain Grand Prix,2024-03-02,bahrain,alonso,ALO,Fernando,Alonso,aston_martin,Aston Martin,6,9,2.0,Finished
2024_1,2024,1,Bahrain Grand Prix,2024-03-02,bahrain,stroll,STR,Lance,Stroll,aston_martin,Aston Martin,12,10,1.0,Finished
2024_1,2024,1,Bahrain Grand Prix,2024-03-02,bahrain,zhou,ZHO,Guanyu,Zhou,sauber,Sauber,17,11,0.0,Lapped
2024_1,2024,1,Bahrain Grand Prix,2024-03-02,bahrain,kevin_magnussen,MAG,Kevin,Magnussen,haas,Haas F1 Team,15,12,0.0,Lapped
2024_1,2024,1,Bahrain Grand Prix,2024-03-02,bahrain,ricciardo,RIC,Daniel,Ricciardo,rb,RB F1 Team,14,13,0.0,Lapped
2024_1,2024,1,Bahrain Grand Prix,2024-03-02,bahrain,tsunoda,TSU,Yuki,Tsunoda,rb,RB F1 Team,11,14,0.0,Lapped
2024_1,2024,1,Bahrain Grand Prix,2024-03-02,bahrain,albon,ALB,Alexander,Albon,williams,Williams,13,15,0.0,Lapped
2024_1,2024,1,Bahrain Grand Prix,2024-03-02,bahrain,hulkenberg,HUL,Nico,Hülkenberg,haas,Haas F1 Team,10,16,0.0,Lapped
2024_1,2024,1,Bahrain Grand Prix,2024-03-02,bahrain,ocon,OCO,Esteban,Ocon,alpine,Alpine F1 Team,19,17,0.0,Lapped
2024_1,2024,1,Bahrain Grand Prix,2024-03-02,bahrain,gasly,GAS,Pierre,Gasly,alpine,Alpine F1 Team,20,18,0.0,Lapped
2024_1,2024,1,Bahrain Grand Prix,2024-03-02,bahrain,bottas,BOT,Valtteri,Bottas,sauber,Sauber,16,19,0.0,Lapped
2024_1,2024,1,Bahrain Grand Prix,2024-03-02,bahrain,sargeant,SAR,Logan,Sargeant,williams,Williams,18,20,0.0,Lapped
2024_2,2024,2,Saudi Arabian Grand Prix,2024-03-09,jeddah,max_verstappen,VER,Max,Verstappen,red_bull,Red Bull,1,1,25.0,Finished
2024_2,2024,2,Saudi Arabian Grand Prix,2024-03-09,jeddah,perez,PER,Sergio,Pérez,red_bull,Red Bull,3,2,18.0,Finished
2024_2,2024,2,Saudi Arabian Grand Prix,2024-03-09,jeddah,leclerc,LEC,Charles,Leclerc,ferrari,Ferrari,2,3,16.0,Finished
2024_2,2024,2,Saudi Arabian Grand Prix,2024-03-09,jeddah,piastri,PIA,Oscar,Piastri,mclaren,McLaren,5,4,12.0,Finished
2024_2,2024,2,Saudi Arabian Grand Prix,2024-03-09,jeddah,alonso,ALO,Fernando,Alonso,aston_martin,Aston Martin,4,5,10.0,Finished
2024_2,2024,2,Saudi Arabian Grand Prix,2024-03-09,jeddah,russell,RUS,George,Russell,mercedes,Mercedes,7,6,8.0,Finished
2024_2,2024,2,Saudi Arabian Grand Prix,2024-03-09,jeddah,bearman,BEA,Oliver,Bearman,ferrari,Ferrari,11,7,6.0,Finished
2024_2,2024,2,Saudi Arabian Grand Prix,2024-03-09,jeddah,norris,NOR,Lando,Norris,mclaren,McLaren,6,8,4.0,Finished
2024_2,2024,2,Saudi Arabian Grand Prix,2024-03-09,jeddah,hamilton,HAM,Lewis,Hamilton,mercedes,Mercedes,8,9,2.0,Finished
2024_2,2024,2,Saudi Arabian Grand Prix,2024-03-09,jeddah,hulkenberg,HUL,Nico,Hülkenberg,haas,Haas F1 Team,15,10,1.0,Finished
2024_2,2024,2,Saudi Arabian Grand Prix,2024-03-09,jeddah,albon,ALB,Alexander,Albon,williams,Williams,12,11,0.0,Finished
2024_2,2024,2,Saudi Arabian Grand Prix,2024-03-09,jeddah,kevin_magnussen,MAG,Kevin,Magnussen,haas,Haas F1 Team,13,12,0.0,Finished
2024_2,2024,2,Saudi Arabian Grand Prix,2024-03-09,jeddah,ocon,OCO,Esteban,Ocon,alpine,Alpine F1 Team,17,13,0.0,Lapped
2024_2,2024,2,Saudi Arabian Grand Prix,2024-03-09,jeddah,sargeant,SAR,Logan,Sargeant,williams,Williams,19,14,0.0,Lapped
2024_2,2024,2,Saudi Arabian Grand Prix,2024-03-09,jeddah,tsunoda,TSU,Yuki,Tsunoda,rb,RB F1 Team,9,15,0.0,Lapped
2024_2,2024,2,Saudi Arabian Grand Prix,2024-03-09,jeddah,ricciardo,RIC,Daniel,Ricciardo,rb,RB F1 Team,14,16,0.0,Lapped
2024_2,2024,2,Saudi Arabian Grand Prix,2024-03-09,jeddah,bottas,BOT,Valtteri,Bottas,sauber,Sauber,16,17,0.0,Lapped
2024_2,2024,2,Saudi Arabian Grand Prix,2024-03-09,jeddah,zhou,ZHO,Guanyu,Zhou,sauber,Sauber,20,18,0.0,Lapped
2024_2,2024,2,Saudi Arabian Grand Prix,2024-03-09,jeddah,stroll,STR,Lance,Stroll,aston_martin,Aston Martin,10,19,0.0,Retired
2024_2,2024,2,Saudi Arabian Grand Prix,2024-03-09,jeddah,gasly,GAS,Pierre,Gasly,alpine,Alpine F1 Team,18,20,0.0,Retired
2024_3,2024,3,Australian Grand Prix,2024-03-24,albert_park,sainz,SAI,Carlos,Sainz,ferrari,Ferrari,2,1,25.0,Finished
2024_3,2024,3,Australian Grand Prix,2024-03-24,albert_park,leclerc,LEC,Charles,Leclerc,ferrari,Ferrari,4,2,19.0,Finished
2024_3,2024,3,Australian Grand Prix,2024-03-24,albert_park,norris,NOR,Lando,Norris,mclaren,McLaren,3,3,15.0,Finished
2024_3,2024,3,Australian Grand Prix,2024-03-24,albert_park,piastri,PIA,Oscar,Piastri,mclaren,McLaren,5,4,12.0,Finished
2024_3,2024,3,Australian Grand Prix,2024-03-24,albert_park,perez,PER,Sergio,Pérez,red_bull,Red Bull,6,5,10.0,Finished
2024_3,2024,3,Australian Grand Prix,2024-03-24,albert_park,stroll,STR,Lance,Stroll,aston_martin,Aston Martin,9,6,8.0,Finished
2024_3,2024,3,Australian Grand Prix,2024-03-24,albert_park,tsunoda,TSU,Yuki,Tsunoda,rb,RB F1 Team,8,7,6.0,Finished
2024_3,2024,3,Australian Grand Prix,2024-03-24,albert_park,alonso,ALO,Fernando,Alonso,aston_martin,Aston Martin,10,8,4.0,Finished
2024_3,2024,3,Australian Grand Prix,2024-03-24,albert_park,hulkenberg,HUL,Nico,Hülkenberg,haas,Haas F1 Team,16,9,2.0,Finished
2024_3,2024,3,Australian Grand Prix,2024-03-24,albert_park,kevin_magnussen,MAG,Kevin,Magnussen,haas,Haas F1 Team,14,10,1.0,Lapped
2024_3,2024,3,Australian Grand Prix,2024-03-24,albert_park,albon,ALB,Alexander,Albon,williams,Williams,12,11,0.0,Lapped
2024_3,2024,3,Australian Grand Prix,2024-03-24,albert_park,ricciardo,RIC,Daniel,Ricciardo,rb,RB F1 Team,18,12,0.0,Lapped
2024_3,2024,3,Australian Grand Prix,2024-03-24,albert_park,gasly,GAS,Pierre,Gasly,alpine,Alpine F1 Team,17,13,0.0,Lapped
2024_3,2024,3,Australian Grand Prix,2024-03-24,albert_park,bottas,BOT,Valtteri,Bottas,sauber,Sauber,13,14,0.0,Lapped
2024_3,2024,3,Australian Grand Prix,2024-03-24,albert_park,zhou,ZHO,Guanyu,Zhou,sauber,Sauber,19,15,0.0,Lapped
2024_3,2024,3,Australian Grand Prix,2024-03-24,albert_park,ocon,OCO,Esteban,Ocon,alpine,Alpine F1 Team,15,16,0.0,Lapped
2024_3,2024,3,Australian Grand Prix,2024-03-24,albert_park,russell,RUS,George,Russell,mercedes,Mercedes,7,17,0.0,Retired
2024_3,2024,3,Australian Grand Prix,2024-03-24,albert_park,hamilton,HAM,Lewis,Hamilton,mercedes,Mercedes,11,18,0.0,Retired
2024_3,2024,3,Australian Grand Prix,2024-03-24,albert_park,max_verstappen,VER,Max,Verstappen,red_bull,Red Bull,1,19,0.0,Retired
2024_4,2024,4,Japanese Grand Prix,2024-04-07,suzuka,max_verstappen,VER,Max,Verstappen,red_bull,Red Bull,1,1,26.0,Finished
2024_4,2024,4,Japanese Grand Prix,2024-04-07,suzuka,perez,PER,Sergio,Pérez,red_bull,Red Bull,2,2,18.0,Finished
2024_4,2024,4,Japanese Grand Prix,2024-04-07,suzuka,sainz,SAI,Carlos,Sainz,ferrari,Ferrari,4,3,15.0,Finished
2024_4,2024,4,Japanese Grand Prix,2024-04-07,suzuka,leclerc,LEC,Charles,Leclerc,ferrari,Ferrari,8,4,12.0,Finished
2024_4,2024,4,Japanese Grand Prix,2024-04-07,suzuka,norris,NOR,Lando,Norris,mclaren,McLaren,3,5,10.0,Finished
2024_4,2024,4,Japanese Grand Prix,2024-04-07,suzuka,alonso,ALO,Fernando,Alonso,aston_martin,Aston Martin,5,6,8.0,Finished
2024_4,2024,4,Japanese Grand Prix,2024-04-07,suzuka,russell,RUS,George,Russell,mercedes,Mercedes,9,7,6.0,Finished
2024_4,2024,4,Japanese Grand Prix,2024-04-07,suzuka,piastri,PIA,Oscar,Piastri,mclaren,McLaren,6,8,4.0,Finished
2024_4,2024,4,Japanese Grand Prix,2024-04-07,suzuka,hamilton,HAM,Lewis,Hamilton,mercedes,Mercedes,7,9,2.0,Finished
2024_4,2024,4,Japanese Grand Prix,2024-04-07,suzuka,tsunoda,TSU,Yuki,Tsunoda,rb,RB F1 Team,10,10,1.0,Lapped
2024_4,2024,4,Japanese Grand Prix,2024-04-07,suzuka,hulkenberg,HUL,Nico,Hülkenberg,haas,Haas F1 Team,12,11,0.0,Lapped
2024_4,2024,4,Japanese Grand Prix,2024-04-07,suzuka,stroll,STR,Lance,Stroll,aston_martin,Aston Martin,16,12,0.0,Lapped
2024_4,2024,4,Japanese Grand Prix,2024-04-07,suzuka,kevin_magnussen,MAG,Kevin,Magnussen,haas,Haas F1 Team,18,13,0.0,Lapped
2024_4,2024,4,Japanese Grand Prix,2024-04-07,suzuka,bottas,BOT,Valtteri,Bottas,sauber,Sauber,13,14,0.0,Lapped
2024_4,2024,4,Japanese Grand Prix,2024-04-07,suzuka,ocon,OCO,Esteban,Ocon,alpine,Alpine F1 Team,15,15,0.0,Lapped
2024_4,2024,4,Japanese Grand Prix,2024-04-07,suzuka,gasly,GAS,Pierre,Gasly,alpine,Alpine F1 Team,17,16,0.0,Lapped
2024_4,2024,4,Japanese Grand Prix,2024-04-07,suzuka,sargeant,SAR,Logan,Sargeant,williams,Williams,19,17,0.0,Lapped
2024_4,2024,4,Japanese Grand Prix,2024-04-07,suzuka,zhou,ZHO,Guanyu,Zhou,sauber,Sauber,20,18,0.0,Retired
2024_4,2024,4,Japanese Grand Prix,2024-04-07,suzuka,ricciardo,RIC,Daniel,Ricciardo,rb,RB F1 Team,11,19,0.0,Retired
2024_4,2024,4,Japanese Grand Prix,2024-04-07,suzuka,albon,ALB,Alexander,Albon,williams,Williams,14,20,0.0,Retired
2024_5,2024,5,Chinese Grand Prix,2024-04-21,shanghai,max_verstappen,VER,Max,Verstappen,red_bull,Red Bull,1,1,25.0,Finished
2024_5,2024,5,Chinese Grand Prix,2024-04-21,shanghai,norris,NOR,Lando,Norris,mclaren,McLaren,4,2,18.0,Finished
2024_5,2024,5,Chinese Grand Prix,2024-04-21,shanghai,perez,PER,Sergio,Pérez,red_bull,Red Bull,2,3,15.0,Finished
2024_5,2024,5,Chinese Grand Prix,2024-04-21,shanghai,leclerc,LEC,Charles,Leclerc,ferrari,Ferrari,6,4,12.0,Finished
2024_5,2024,5,Chinese Grand Prix,2024-04-21,shanghai,sainz,SAI,Carlos,Sainz,ferrari,Ferrari,7,5,10.0,Finished
2024_5,2024,5,Chinese Grand Prix,2024-04-21,shanghai,russell,RUS,George,Russell,mercedes,Mercedes,8,6,8.0,Finished
2024_5,2024,5,Chinese Grand Prix,2024-04-21,shanghai,alonso,ALO,Fernando,Alonso,aston_martin,Aston Martin,3,7,7.0,Finished
2024_5,2024,5,Chinese Grand Prix,2024-04-21,shanghai,piastri,PIA,Oscar,Piastri,mclaren,McLaren,5,8,4.0,Finished
2024_5,2024,5,Chinese Grand Prix,2024-04-21,shanghai,hamilton,HAM,Lewis,Hamilton,mercedes,Mercedes,18,9,2.0,Finished
2024_5,2024,5,Chinese Grand Prix,2024-04-21,shanghai,hulkenberg,HUL,Nico,Hülkenberg,haas,Haas F1 Team,9,10,1.0,Finished
2024_5,2024,5,Chinese Grand Prix,2024-04-21,shanghai,ocon,OCO,Esteban,Ocon,alpine,Alpine F1 Team,13,11,0.0,Finished
2024_5,2024,5,Chinese Grand Prix,2024-04-21,shanghai,albon,ALB,Alexander,Albon,williams,Williams,14,12,0.0,Finished
2024_5,2024,5,Chinese Grand Prix,2024-04-21,shanghai,gasly,GAS,Pierre,Gasly,alpine,Alpine F1 Team,15,13,0.0,Finished
2024_5,2024,5,Chinese Grand Prix,2024-04-21,shanghai,zhou,ZHO,Guanyu,Zhou,sauber,Sauber,16,14,0.0,Finished
2024_5,2024,5,Chinese Grand Prix,2024-04-21,shanghai,stroll,STR,Lance,Stroll,aston_martin,Aston Martin,11,15,0.0,Finished
2024_5,2024,5,Chinese Grand Prix,2024-04-21,shanghai,kevin_magnussen,MAG,Kevin,Magnussen,haas,Haas F1 Team,17,16,0.0,Finished
2024_5,2024,5,Chinese Grand Prix,2024-04-21,shanghai,sargeant,SAR,Logan,Sargeant,williams,Williams,20,17,0.0,Finished
2024_5,2024,5,Chinese Grand Prix,2024-04-21,shanghai,ricciardo,RIC,Daniel,Ricciardo,rb,RB F1 Team,12,18,0.0,Retired
2024_5,2024,5,Chinese Grand Prix,2024-04-21,shanghai,tsunoda,TSU,Yuki,Tsunoda,rb,RB F1 Team,19,19,0.0,Retired
2024_5,2024,5,Chinese Grand Prix,2024-04-21,shanghai,bottas,BOT,Valtteri,Bottas,sauber,Sauber,10,20,0.0,Retired
2024_6,2024,6,Miami Grand Prix,2024-05-05,miami,norris,NOR,Lando,Norris,mclaren,McLaren,5,1,25.0,Finished
2024_6,2024,6,Miami Grand Prix,2024-05-05,miami,max_verstappen,VER,Max,Verstappen,red_bull,Red Bull,1,2,18.0,Finished
2024_6,2024,6,Miami Grand Prix,2024-05-05,miami,leclerc,LEC,Charles,Leclerc,ferrari,Ferrari,2,3,15.0,Finished
2024_6,2024,6,Miami Grand Prix,2024-05-05,miami,perez,PER,Sergio,Pérez,red_bull,Red Bull,4,4,12.0,Finished
2024_6,2024,6,Miami Grand Prix,2024-05-05,miami,sainz,SAI,Carlos,Sainz,ferrari,Ferrari,3,5,10.0,Finished
2024_6,2024,6,Miami Grand Prix,2024-05-05,miami,hamilton,HAM,Lewis,Hamilton,mercedes,Mercedes,8,6,8.0,Finished
2024_6,2024,6,Miami Grand Prix,2024-05-05,miami,tsunoda,TSU,Yuki,Tsunoda,rb,RB F1 Team,10,7,6.0,Finished
2024_6,2024,6,Miami Grand Prix,2024-05-05,miami,russell,RUS,George,Russell,mercedes,Mercedes,7,8,4.0,Finished
2024_6,2024,6,Miami Grand Prix,2024-05-05,miami,alonso,ALO,Fernando,Alonso,aston_martin,Aston Martin,15,9,2.0,Finished
2024_6,2024,6,Miami Grand Prix,2024-05-05,miami,ocon,OCO,Esteban,Ocon,alpine,Alpine F1 Team,13,10,1.0,Finished
2024_6,2024,6,Miami Grand Prix,2024-05-05,miami,hulkenberg,HUL,Nico,Hülkenberg,haas,Haas F1 Team,9,11,0.0,Finished
2024_6,2024,6,Miami Grand Prix,2024-05-05,miami,gasly,GAS,Pierre,Gasly,alpine,Alpine F1 Team,12,12,0.0,Finished
2024_6,2024,6,Miami Grand Prix,2024-05-05,miami,piastri,PIA,Oscar,Piastri,mclaren,McLaren,6,13,0.0,Finished
2024_6,2024,6,Miami Grand Prix,2024-05-05,miami,zhou,ZHO,Guanyu,Zhou,sauber,Sauber,19,14,0.0,Finished
2024_6,2024,6,Miami Grand Prix,2024-05-05,miami,ricciardo,RIC,Daniel,Ricciardo,rb,RB F1 Team,20,15,0.0,Finished
2024_6,2024,6,Miami Grand Prix,2024-05-05,miami,bottas,BOT,Valtteri,Bottas,sauber,Sauber,16,16,0.0,Finished
2024_6,2024,6,Miami Grand Prix,2024-05-05,miami,stroll,STR,Lance,Stroll,aston_martin,Aston Martin,11,17,0.0,Finished
2024_6,2024,6,Miami Grand Prix,2024-05-05,miami,albon,ALB,Alexander,Albon,williams,Williams,14,18,0.0,Finished
2024_6,2024,6,Miami Grand Prix,2024-05-05,miami,kevin_magnussen,MAG,Kevin,Magnussen,haas,Haas F1 Team,18,19,0.0,Finished
2024_6,2024,6,Miami Grand Prix,2024-05-05,miami,sargeant,SAR,Logan,Sargeant,williams,Williams,17,20,0.0,Retired
2024_7,2024,7,Emilia Romagna Grand Prix,2024-05-19,imola,max_verstappen,VER,Max,Verstappen,red_bull,Red Bull,1,1,25.0,Finished
2024_7,2024,7,Emilia Romagna Grand Prix,2024-05-19,imola,norris,NOR,Lando,Norris,mclaren,McLaren,2,2,18.0,Finished
2024_7,2024,7,Emilia Romagna Grand Prix,2024-05-19,imola,leclerc,LEC,Charles,Leclerc,ferrari,Ferrari,3,3,15.0,Finished
2024_7,2024,7,Emilia Romagna Grand Prix,2024-05-19,imola,piastri,PIA,Oscar,Piastri,mclaren,McLaren,5,4,12.0,Finished
2024_7,2024,7,Emilia Romagna Grand Prix,2024-05-19,imola,sainz,SAI,Carlos,Sainz,ferrari,Ferrari,4,5,10.0,Finished
2024_7,2024,7,Emilia Romagna Grand Prix,2024-05-19,imola,hamilton,HAM,Lewis,Hamilton,mercedes,Mercedes,8,6,8.0,Finished
2024_7,2024,7,Emilia Romagna Grand Prix,2024-05-19,imola,russell,RUS,George,Russell,mercedes,Mercedes,6,7,7.0,Finished
2024_7,2024,7,Emilia Romagna Grand Prix,2024-05-19,imola,perez,PER,Sergio,Pérez,red_bull,Red Bull,11,8,4.0,Finished
2024_7,2024,7,Emilia Romagna Grand Prix,2024-05-19,imola,stroll,STR,Lance,Stroll,aston_martin,Aston Martin,13,9,2.0,Finished
2024_7,2024,7,Emilia Romagna Grand Prix,2024-05-19,imola,tsunoda,TSU,Yuki,Tsunoda,rb,RB F1 Team,7,10,1.0,Lapped
2024_7,2024,7,Emilia Romagna Grand Prix,2024-05-19,imola,hulkenberg,HUL,Nico,Hülkenberg,haas,Haas F1 Team,10,11,0.0,Lapped
2024_7,2024,7,Emilia Romagna Grand Prix,2024-05-19,imola,kevin_magnussen,MAG,Kevin,Magnussen,haas,Haas F1 Team,18,12,0.0,Lapped
2024_7,2024,7,Emilia Romagna Grand Prix,2024-05-19,imola,ricciardo,RIC,Daniel,Ricciardo,rb,RB F1 Team,9,13,0.0,Lapped
2024_7,2024,7,Emilia Romagna Grand Prix,2024-05-19,imola,ocon,OCO,Esteban,Ocon,alpine,Alpine F1 Team,12,14,0.0,Lapped
2024_7,2024,7,Emilia Romagna Grand Prix,2024-05-19,imola,zhou,ZHO,Guanyu,Zhou,sauber,Sauber,17,15,0.0,Lapped
2024_7,2024,7,Emilia Romagna Grand Prix,2024-05-19,imola,gasly,GAS,Pierre,Gasly,alpine,Alpine F1 Team,15,16,0.0,Lapped
2024_7,2024,7,Emilia Romagna Grand Prix,2024-05-19,imola,sargeant,SAR,Logan,Sargeant,williams,Williams,19,17,0.0,Lapped
2024_7,2024,7,Emilia Romagna Grand Prix,2024-05-19,imola,bottas,BOT,Valtteri,Bottas,sauber,Sauber,16,18,0.0,Lapped
2024_7,2024,7,Emilia Romagna Grand Prix,2024-05-19,imola,alonso,ALO,Fernando,Alonso,aston_martin,Aston Martin,20,19,0.0,Lapped
2024_7,2024,7,Emilia Romagna Grand Prix,2024-05-19,imola,albon,ALB,Alexander,Albon,williams,Williams,14,20,0.0,Retired
2024_8,2024,8,Monaco Grand Prix,2024-05-26,monaco,leclerc,LEC,Charles,Leclerc,ferrari,Ferrari,1,1,25.0,Finished
2024_8,2024,8,Monaco Grand Prix,2024-05-26,monaco,piastri,PIA,Oscar,Piastri,mclaren,McLaren,2,2,18.0,Finished
2024_8,2024,8,Monaco Grand Prix,2024-05-26,monaco,sainz,SAI,Carlos,Sainz,ferrari,Ferrari,3,3,15.0,Finished
2024_8,2024,8,Monaco Grand Prix,2024-05-26,monaco,norris,NOR,Lando,Norris,mclaren,McLaren,4,4,12.0,Finished
2024_8,2024,8,Monaco Grand Prix,2024-05-26,monaco,russell,RUS,George,Russell,mercedes,Mercedes,5,5,10.0,Finished
2024_8,2024,8,Monaco Grand Prix,2024-05-26,monaco,max_verstappen,VER,Max,Verstappen,red_bull,Red Bull,6,6,8.0,Finished
2024_8,2024,8,Monaco Grand Prix,2024-05-26,monaco,hamilton,HAM,Lewis,Hamilton,mercedes,Mercedes,7,7,7.0,Finished
2024_8,2024,8,Monaco Grand Prix,2024-05-26,monaco,tsunoda,TSU,Yuki,Tsunoda,rb,RB F1 Team,8,8,4.0,Lapped
2024_8,2024,8,Monaco Grand Prix,2024-05-26,monaco,albon,ALB,Alexander,Albon,williams,Williams,9,9,2.0,Lapped
2024_8,2024,8,Monaco Grand Prix,2024-05-26,monaco,gasly,GAS,Pierre,Gasly,alpine,Alpine F1 Team,10,10,1.0,Lapped
2024_8,2024,8,Monaco Grand Prix,2024-05-26,monaco,alonso,ALO,Fernando,Alonso,aston_martin,Aston Martin,14,11,0.0,Lapped
2024_8,2024,8,Monaco Grand Prix,2024-05-26,monaco,ricciardo,RIC,Daniel,Ricciardo,rb,RB F1 Team,12,12,0.0,Lapped
2024_8,2024,8,Monaco Grand Prix,2024-05-26,monaco,bottas,BOT,Valtteri,Bottas,sauber,Sauber,17,13,0.0,Lapped
2024_8,2024,8,Monaco Grand Prix,2024-05-26,monaco,stroll,STR,Lance,Stroll,aston_martin,Aston Martin,13,14,0.0,Lapped
2024_8,2024,8,Monaco Grand Prix,2024-05-26,monaco,sargeant,SAR,Logan,Sargeant,williams,Williams,15,15,0.0,Lapped
2024_8,2024,8,Monaco Grand Prix,2024-05-26,monaco,zhou,ZHO,Guanyu,Zhou,sauber,Sauber,18,16,0.0,Lapped
2024_8,2024,8,Monaco Grand Prix,2024-05-26,monaco,ocon,OCO,Esteban,Ocon,alpine,Alpine F1 Team,11,17,0.0,Retired
2024_8,2024,8,Monaco Grand Prix,2024-05-26,monaco,perez,PER,Sergio,Pérez,red_bull,Red Bull,16,18,0.0,Retired
2024_8,2024,8,Monaco Grand Prix,2024-05-26,monaco,hulkenberg,HUL,Nico,Hülkenberg,haas,Haas F1 Team,19,19,0.0,Retired
2024_8,2024,8,Monaco Grand Prix,2024-05-26,monaco,kevin_magnussen,MAG,Kevin,Magnussen,haas,Haas F1 Team,20,20,0.0,Retired
2024_9,2024,9,Canadian Grand Prix,2024-06-09,villeneuve,max_verstappen,VER,Max,Verstappen,red_bull,Red Bull,2,1,25.0,Finished
2024_9,2024,9,Canadian Grand Prix,2024-06-09,villeneuve,norris,NOR,Lando,Norris,mclaren,McLaren,3,2,18.0,Finished
2024_9,2024,9,Canadian Grand Prix,2024-06-09,villeneuve,russell,RUS,George,Russell,mercedes,Mercedes,1,3,15.0,Finished
2024_9,2024,9,Canadian Grand Prix,2024-06-09,villeneuve,hamilton,HAM,Lewis,Hamilton,mercedes,Mercedes,7,4,13.0,Finished
2024_9,2024,9,Canadian Grand Prix,2024-06-09,villeneuve,piastri,PIA,Oscar,Piastri,mclaren,McLaren,4,5,10.0,Finished
2024_9,2024,9,Canadian Grand Prix,2024-06-09,villeneuve,alonso,ALO,Fernando,Alonso,aston_martin,Aston Martin,6,6,8.0,Finished
2024_9,2024,9,Canadian Grand Prix,2024-06-09,villeneuve,stroll,STR,Lance,Stroll,aston_martin,Aston Martin,9,7,6.0,Finished
2024_9,2024,9,Canadian Grand Prix,2024-06-09,villeneuve,ricciardo,RIC,Daniel,Ricciardo,rb,RB F1 Team,5,8,4.0,Finished
2024_9,2024,9,Canadian Grand Prix,2024-06-09,villeneuve,gasly,GAS,Pierre,Gasly,alpine,Alpine F1 Team,15,9,2.0,Finished
2024_9,2024,9,Canadian Grand Prix,2024-06-09,villeneuve,ocon,OCO,Esteban,Ocon,alpine,Alpine F1 Team,18,10,1.0,Finished
2024_9,2024,9,Canadian Grand Prix,2024-06-09,villeneuve,hulkenberg,HUL,Nico,Hülkenberg,haas,Haas F1 Team,17,11,0.0,Finished
2024_9,2024,9,Canadian Grand Prix,2024-06-09,villeneuve,kevin_magnussen,MAG,Kevin,Magnussen,haas,Haas F1 Team,14,12,0.0,Finished
2024_9,2024,9,Canadian Grand Prix,2024-06-09,villeneuve,bottas,BOT,Valtteri,Bottas,sauber,Sauber,19,13,0.0,Finished
2024_9,2024,9,Canadian Grand Prix,2024-06-09,villeneuve,tsunoda,TSU,Yuki,Tsunoda,rb,RB F1 Team,8,14,0.0,Finished
2024_9,2024,9,Canadian Grand Prix,2024-06-09,villeneuve,zhou,ZHO,Guanyu,Zhou,sauber,Sauber,20,15,0.0,Lapped
2024_9,2024,9,Canadian Grand Prix,2024-06-09,villeneuve,sainz,SAI,Carlos,Sainz,ferrari,Ferrari,12,16,0.0,Retired
2024_9,2024,9,Canadian Grand Prix,2024-06-09,villeneuve,albon,ALB,Alexander,Albon,williams,Williams,10,17,0.0,Retired
2024_9,2024,9,Canadian Grand Prix,2024-06-09,villeneuve,perez,PER,Sergio,Pérez,red_bull,Red Bull,16,18,0.0,Retired
2024_9,2024,9,Canadian Grand Prix,2024-06-09,villeneuve,leclerc,LEC,Charles,Leclerc,ferrari,Ferrari,11,19,0.0,Retired
2024_9,2024,9,Canadian Grand Prix,2024-06-09,villeneuve,sargeant,SAR,Logan,Sargeant,williams,Williams,13,20,0.0,Retired
2024_10,2024,10,Spanish Grand Prix,2024-06-23,catalunya,max_verstappen,VER,Max,Verstappen,red_bull,Red Bull,2,1,25.0,Finished
2024_10,2024,10,Spanish Grand Prix,2024-06-23,catalunya,norris,NOR,Lando,Norris,mclaren,McLaren,1,2,19.0,Finished
2024_10,2024,10,Spanish Grand Prix,2024-06-23,catalunya,hamilton,HAM,Lewis,Hamilton,mercedes,Mercedes,3,3,15.0,Finished
2024_10,2024,10,Spanish Grand Prix,2024-06-23,catalunya,russell,RUS,George,Russell,mercedes,Mercedes,4,4,12.0,Finished
2024_10,2024,10,Spanish Grand Prix,2024-06-23,catalunya,leclerc,LEC,Charles,Leclerc,ferrari,Ferrari,5,5,10.0,Finished
2024_10,2024,10,Spanish Grand Prix,2024-06-23,catalunya,sainz,SAI,Carlos,Sainz,ferrari,Ferrari,6,6,8.0,Finished
2024_10,2024,10,Spanish Grand Prix,2024-06-23,catalunya,piastri,PIA,Oscar,Piastri,mclaren,McLaren,9,7,6.0,Finished
2024_10,2024,10,Spanish Grand Prix,2024-06-23,catalunya,perez,PER,Sergio,Pérez,red_bull,Red Bull,11,8,4.0,Finished
2024_10,2024,10,Spanish Grand Prix,2024-06-23,catalunya,gasly,GAS,Pierre,Gasly,alpine,Alpine F1 Team,7,9,2.0,Finished
2024_10,2024,10,Spanish Grand Prix,2024-06-23,catalunya,ocon,OCO,Esteban,Ocon,alpine,Alpine F1 Team,8,10,1.0,Finished
2024_10,2024,10,Spanish Grand Prix,2024-06-23,catalunya,hulkenberg,HUL,Nico,Hülkenberg,haas,Haas F1 Team,13,11,0.0,Finished
2024_10,2024,10,Spanish Grand Prix,2024-06-23,catalunya,alonso,ALO,Fernando,Alonso,aston_martin,Aston Martin,10,12,0.0,Lapped
2024_10,2024,10,Spanish Grand Prix,2024-06-23,catalunya,zhou,ZHO,Guanyu,Zhou,sauber,Sauber,15,13,0.0,Lapped
2024_10,2024,10,Spanish Grand Prix,2024-06-23,catalunya,stroll,STR,Lance,Stroll,aston_martin,Aston Martin,14,14,0.0,Lapped
2024_10,2024,10,Spanish Grand Prix,2024-06-23,catalunya,ricciardo,RIC,Daniel,Ricciardo,rb,RB F1 Team,18,15,0.0,Lapped
2024_10,2024,10,Spanish Grand Prix,2024-06-23,catalunya,bottas,BOT,Valtteri,Bottas,sauber,Sauber,12,16,0.0,Lapped
2024_10,2024,10,Spanish Grand Prix,2024-06-23,catalunya,kevin_magnussen,MAG,Kevin,Magnussen,haas,Haas F1 Team,16,17,0.0,Lapped
2024_10,2024,10,Spanish Grand Prix,2024-06-23,catalunya,albon,ALB,Alexander,Albon,williams,Williams,20,18,0.0,Lapped
2024_10,2024,10,Spanish Grand Prix,2024-06-23,catalunya,tsunoda,TSU,Yuki,Tsunoda,rb,RB F1 Team,17,19,0.0,Lapped
2024_10,2024,10,Spanish Grand Prix,2024-06-23,catalunya,sargeant,SAR,Logan,Sargeant,williams,Williams,19,20,0.0,Lapped
2024_11,2024,11,Austrian Grand Prix,2024-06-30,red_bull_ring,russell,RUS,George,Russell,mercedes,Mercedes,3,1,25.0,Finished
2024_11,2024,11,Austrian Grand Prix,2024-06-30,red_bull_ring,piastri,PIA,Oscar,Piastri,mclaren,McLaren,7,2,18.0,Finished
2024_11,2024,11,Austrian Grand Prix,2024-06-30,red_bull_ring,sainz,SAI,Carlos,Sainz,ferrari,Ferrari,4,3,15.0,Finished
2024_11,2024,11,Austrian Grand Prix,2024-06-30,red_bull_ring,hamilton,HAM,Lewis,Hamilton,mercedes,Mercedes,5,4,12.0,Finished
2024_11,2024,11,Austrian Grand Prix,2024-06-30,red_bull_ring,max_verstappen,VER,Max,Verstappen,red_bull,Red Bull,1,5,10.0,Finished
2024_11,2024,11,Austrian Grand Prix,2024-06-30,red_bull_ring,hulkenberg,HUL,Nico,Hülkenberg,haas,Haas F1 Team,9,6,8.0,Finished
2024_11,2024,11,Austrian Grand Prix,2024-06-30,red_bull_ring,perez,PER,Sergio,Pérez,red_bull,Red Bull,8,7,6.0,Finished
2024_11,2024,11,Austrian Grand Prix,2024-06-30,red_bull_ring,kevin_magnussen,MAG,Kevin,Magnussen,haas,Haas F1 Team,12,8,4.0,Finished
2024_11,2024,11,Austrian Grand Prix,2024-06-30,red_bull_ring,ricciardo,RIC,Daniel,Ricciardo,rb,RB F1 Team,11,9,2.0,Finished
2024_11,2024,11,Austrian Grand Prix,2024-06-30,red_bull_ring,gasly,GAS,Pierre,Gasly,alpine,Alpine F1 Team,13,10,1.0,Finished
2024_11,2024,11,Austrian Grand Prix,2024-06-30,red_bull_ring,leclerc,LEC,Charles,Leclerc,ferrari,Ferrari,6,11,0.0,Finished
2024_11,2024,11,Austrian Grand Prix,2024-06-30,red_bull_ring,ocon,OCO,Esteban,Ocon,alpine,Alpine F1 Team,10,12,0.0,Finished
2024_11,2024,11,Austrian Grand Prix,2024-06-30,red_bull_ring,stroll,STR,Lance,Stroll,aston_martin,Aston Martin,17,13,0.0,Lapped
2024_11,2024,11,Austrian Grand Prix,2024-06-30,red_bull_ring,tsunoda,TSU,Yuki,Tsunoda,rb,RB F1 Team,14,14,0.0,Lapped
2024_11,2024,11,Austrian Grand Prix,2024-06-30,red_bull_ring,albon,ALB,Alexander,Albon,williams,Williams,16,15,0.0,Lapped
2024_11,2024,11,Austrian Grand Prix,2024-06-30,red_bull_ring,bottas,BOT,Valtteri,Bottas,sauber,Sauber,18,16,0.0,Lapped
2024_11,2024,11,Austrian Grand Prix,2024-06-30,red_bull_ring,zhou,ZHO,Guanyu,Zhou,sauber,Sauber,20,17,0.0,Lapped
2024_11,2024,11,Austrian Grand Prix,2024-06-30,red_bull_ring,alonso,ALO,Fernando,Alonso,aston_martin,Aston Martin,15,18,0.0,Lapped
2024_11,2024,11,Austrian Grand Prix,2024-06-30,red_bull_ring,sargeant,SAR,Logan,Sargeant,williams,Williams,19,19,0.0,Lapped
2024_11,2024,11,Austrian Grand Prix,2024-06-30,red_bull_ring,norris,NOR,Lando,Norris,mclaren,McLaren,2,20,0.0,Lapped
2024_12,2024,12,British Grand Prix,2024-07-07,silverstone,hamilton,HAM,Lewis,Hamilton,mercedes,Mercedes,2,1,25.0,Finished
2024_12,2024,12,British Grand Prix,2024-07-07,silverstone,max_verstappen,VER,Max,Verstappen,red_bull,Red Bull,4,2,18.0,Finished
2024_12,2024,12,British Grand Prix,2024-07-07,silverstone,norris,NOR,Lando,Norris,mclaren,McLaren,3,3,15.0,Finished
2024_12,2024,12,British Grand Prix,2024-07-07,silverstone,piastri,PIA,Oscar,Piastri,mclaren,McLaren,5,4,12.0,Finished
2024_12,2024,12,British Grand Prix,2024-07-07,silverstone,sainz,SAI,Carlos,Sainz,ferrari,Ferrari,7,5,11.0,Finished
2024_12,2024,12,British Grand Prix,2024-07-07,silverstone,hulkenberg,HUL,Nico,Hülkenberg,haas,Haas F1 Team,6,6,8.0,Finished
2024_12,2024,12,British Grand Prix,2024-07-07,silverstone,stroll,STR,Lance,Stroll,aston_martin,Aston Martin,8,7,6.0,Finished
2024_12,2024,12,British Grand Prix,2024-07-07,silverstone,alonso,ALO,Fernando,Alonso,aston_martin,Aston Martin,10,8,4.0,Finished
2024_12,2024,12,British Grand Prix,2024-07-07,silverstone,albon,ALB,Alexander,Albon,williams,Williams,9,9,2.0,Finished
2024_12,2024,12,British Grand Prix,2024-07-07,silverstone,tsunoda,TSU,Yuki,Tsunoda,rb,RB F1 Team,13,10,1.0,Finished
2024_12,2024,12,British Grand Prix,2024-07-07,silverstone,sargeant,SAR,Logan,Sargeant,williams,Williams,12,11,0.0,Finished
2024_12,2024,12,British Grand Prix,2024-07-07,silverstone,kevin_magnussen,MAG,Kevin,Magnussen,haas,Haas F1 Team,17,12,0.0,Finished
2024_12,2024,12,British Grand Prix,2024-07-07,silverstone,ricciardo,RIC,Daniel,Ricciardo,rb,RB F1 Team,15,13,0.0,Lapped
2024_12,2024,12,British Grand Prix,2024-07-07,silverstone,leclerc,LEC,Charles,Leclerc,ferrari,Ferrari,11,14,0.0,Lapped
2024_12,2024,12,British Grand Prix,2024-07-07,silverstone,bottas,BOT,Valtteri,Bottas,sauber,Sauber,16,15,0.0,Lapped
2024_12,2024,12,British Grand Prix,2024-07-07,silverstone,ocon,OCO,Esteban,Ocon,alpine,Alpine F1 Team,18,16,0.0,Lapped
2024_12,2024,12,British Grand Prix,2024-07-07,silverstone,perez,PER,Sergio,Pérez,red_bull,Red Bull,20,17,0.0,Lapped
2024_12,2024,12,British Grand Prix,2024-07-07,silverstone,zhou,ZHO,Guanyu,Zhou,sauber,Sauber,14,18,0.0,Lapped
2024_12,2024,12,British Grand Prix,2024-07-07,silverstone,russell,RUS,George,Russell,mercedes,Mercedes,1,19,0.0,Retired
2024_12,2024,12,British Grand Prix,2024-07-07,silverstone,gasly,GAS,Pierre,Gasly,alpine,Alpine F1 Team,19,20,0.0,Did not start
2024_13,2024,13,Hungarian Grand Prix,2024-07-21,hungaroring,piastri,PIA,Oscar,Piastri,mclaren,McLaren,2,1,25.0,Finished
2024_13,2024,13,Hungarian Grand Prix,2024-07-21,hungaroring,norris,NOR,Lando,Norris,mclaren,McLaren,1,2,18.0,Finished
2024_13,2024,13,Hungarian Grand Prix,2024-07-21,hungaroring,hamilton,HAM,Lewis,Hamilton,mercedes,Mercedes,5,3,15.0,Finished
2024_13,2024,13,Hungarian Grand Prix,2024-07-21,hungaroring,leclerc,LEC,Charles,Leclerc,ferrari,Ferrari,6,4,12.0,Finished
2024_13,2024,13,Hungarian Grand Prix,2024-07-21,hungaroring,max_verstappen,VER,Max,Verstappen,red_bull,Red Bull,3,5,10.0,Finished
2024_13,2024,13,Hungarian Grand Prix,2024-07-21,hungaroring,sainz,SAI,Carlos,Sainz,ferrari,Ferrari,4,6,8.0,Finished
2024_13,2024,13,Hungarian Grand Prix,2024-07-21,hungaroring,perez,PER,Sergio,Pérez,red_bull,Red Bull,16,7,6.0,Finished
2024_13,2024,13,Hungarian Grand Prix,2024-07-21,hungaroring,russell,RUS,George,Russell,mercedes,Mercedes,17,8,5.0,Finished
2024_13,2024,13,Hungarian Grand Prix,2024-07-21,hungaroring,tsunoda,TSU,Yuki,Tsunoda,rb,RB F1 Team,10,9,2.0,Finished
2024_13,2024,13,Hungarian Grand Prix,2024-07-21,hungaroring,stroll,STR,Lance,Stroll,aston_martin,Aston Martin,8,10,1.0,Finished
2024_13,2024,13,Hungarian Grand Prix,2024-07-21,hungaroring,alonso,ALO,Fernando,Alonso,aston_martin,Aston Martin,7,11,0.0,Finished
2024_13,2024,13,Hungarian Grand Prix,2024-07-21,hungaroring,ricciardo,RIC,Daniel,Ricciardo,rb,RB F1 Team,9,12,0.0,Lapped
2024_13,2024,13,Hungarian Grand Prix,2024-07-21,hungaroring,hulkenberg,HUL,Nico,Hülkenberg,haas,Haas F1 Team,11,13,0.0,Lapped
2024_13,2024,13,Hungarian Grand Prix,2024-07-21,hungaroring,albon,ALB,Alexander,Albon,williams,Williams,13,14,0.0,Lapped
2024_13,2024,13,Hungarian Grand Prix,2024-07-21,hungaroring,kevin_magnussen,MAG,Kevin,Magnussen,haas,Haas F1 Team,15,15,0.0,Lapped
2024_13,2024,13,Hungarian Grand Prix,2024-07-21,hungaroring,bottas,BOT,Valtteri,Bottas,sauber,Sauber,12,16,0.0,Lapped
2024_13,2024,13,Hungarian Grand Prix,2024-07-21,hungaroring,sargeant,SAR,Logan,Sargeant,williams,Williams,14,17,0.0,Lapped
2024_13,2024,13,Hungarian Grand Prix,2024-07-21,hungaroring,ocon,OCO,Esteban,Ocon,alpine,Alpine F1 Team,19,18,0.0,Lapped
2024_13,2024,13,Hungarian Grand Prix,2024-07-21,hungaroring,zhou,ZHO,Guanyu,Zhou,sauber,Sauber,18,19,0.0,Lapped
2024_13,2024,13,Hungarian Grand Prix,2024-07-21,hungaroring,gasly,GAS,Pierre,Gasly,alpine,Alpine F1 Team,20,20,0.0,Retired
2024_14,2024,14,Belgian Grand Prix,2024-07-28,spa,hamilton,HAM,Lewis,Hamilton,mercedes,Mercedes,3,1,25.0,Finished
2024_14,2024,14,Belgian Grand Prix,2024-07-28,spa,piastri,PIA,Oscar,Piastri,mclaren,McLaren,5,2,18.0,Finished
2024_14,2024,14,Belgian Grand Prix,2024-07-28,spa,leclerc,LEC,Charles,Leclerc,ferrari,Ferrari,1,3,15.0,Finished
2024_14,2024,14,Belgian Grand Prix,2024-07-28,spa,max_verstappen,VER,Max,Verstappen,red_bull,Red Bull,11,4,12.0,Finished
2024_14,2024,14,Belgian Grand Prix,2024-07-28,spa,norris,NOR,Lando,Norris,mclaren,McLaren,4,5,10.0,Finished
2024_14,2024,14,Belgian Grand Prix,2024-07-28,spa,sainz,SAI,Carlos,Sainz,ferrari,Ferrari,7,6,8.0,Finished
2024_14,2024,14,Belgian Grand Prix,2024-07-28,spa,perez,PER,Sergio,Pérez,red_bull,Red Bull,2,7,7.0,Finished
2024_14,2024,14,Belgian Grand Prix,2024-07-28,spa,alonso,ALO,Fernando,Alonso,aston_martin,Aston Martin,8,8,4.0,Finished
2024_14,2024,14,Belgian Grand Prix,2024-07-28,spa,ocon,OCO,Esteban,Ocon,alpine,Alpine F1 Team,9,9,2.0,Finished
2024_14,2024,14,Belgian Grand Prix,2024-07-28,spa,ricciardo,RIC,Daniel,Ricciardo,rb,RB F1 Team,13,10,1.0,Finished
2024_14,2024,14,Belgian Grand Prix,2024-07-28,spa,stroll,STR,Lance,Stroll,aston_martin,Aston Martin,15,11,0.0,Finished
2024_14,2024,14,Belgian Grand Prix,2024-07-28,spa,albon,ALB,Alexander,Albon,williams,Williams,10,12,0.0,Finished
2024_14,2024,14,Belgian Grand Prix,2024-07-28,spa,gasly,GAS,Pierre,Gasly,alpine,Alpine F1 Team,12,13,0.0,Finished
2024_14,2024,14,Belgian Grand Prix,2024-07-28,spa,kevin_magnussen,MAG,Kevin,Magnussen,haas,Haas F1 Team,17,14,0.0,Finished
2024_14,2024,14,Belgian Grand Prix,2024-07-28,spa,bottas,BOT,Valtteri,Bottas,sauber,Sauber,14,15,0.0,Finished
2024_14,2024,14,Belgian Grand Prix,2024-07-28,spa,tsunoda,TSU,Yuki,Tsunoda,rb,RB F1 Team,20,16,0.0,Finished
2024_14,2024,14,Belgian Grand Prix,2024-07-28,spa,sargeant,SAR,Logan,Sargeant,williams,Williams,18,17,0.0,Finished
2024_14,2024,14,Belgian Grand Prix,2024-07-28,spa,hulkenberg,HUL,Nico,Hülkenberg,haas,Haas F1 Team,16,18,0.0,Finished
2024_14,2024,14,Belgian Grand Prix,2024-07-28,spa,zhou,ZHO,Guanyu,Zhou,sauber,Sauber,19,19,0.0,Retired
2024_14,2024,14,Belgian Grand Prix,2024-07-28,spa,russell,RUS,George,Russell,mercedes,Mercedes,6,20,0.0,Disqualified
2024_15,2024,15,Dutch Grand Prix,2024-08-25,zandvoort,norris,NOR,Lando,Norris,mclaren,McLaren,1,1,26.0,Finished
2024_15,2024,15,Dutch Grand Prix,2024-08-25,zandvoort,max_verstappen,VER,Max,Verstappen,red_bull,Red Bull,2,2,18.0,Finished
2024_15,2024,15,Dutch Grand Prix,2024-08-25,zandvoort,leclerc,LEC,Charles,Leclerc,ferrari,Ferrari,6,3,15.0,Finished
2024_15,2024,15,Dutch Grand Prix,2024-08-25,zandvoort,piastri,PIA,Oscar,Piastri,mclaren,McLaren,3,4,12.0,Finished
2024_15,2024,15,Dutch Grand Prix,2024-08-25,zandvoort,sainz,SAI,Carlos,Sainz,ferrari,Ferrari,10,5,10.0,Finished
2024_15,2024,15,Dutch Grand Prix,2024-08-25,zandvoort,perez,PER,Sergio,Pérez,red_bull,Red Bull,5,6,8.0,Finished
2024_15,2024,15,Dutch Grand Prix,2024-08-25,zandvoort,russell,RUS,George,Russell,mercedes,Mercedes,4,7,6.0,Finished
2024_15,2024,15,Dutch Grand Prix,2024-08-25,zandvoort,hamilton,HAM,Lewis,Hamilton,mercedes,Mercedes,14,8,4.0,Finished
2024_15,2024,15,Dutch Grand Prix,2024-08-25,zandvoort,gasly,GAS,Pierre,Gasly,alpine,Alpine F1 Team,9,9,2.0,Lapped
2024_15,2024,15,Dutch Grand Prix,2024-08-25,zandvoort,alonso,ALO,Fernando,Alonso,aston_martin,Aston Martin,7,10,1.0,Lapped
2024_15,2024,15,Dutch Grand Prix,2024-08-25,zandvoort,hulkenberg,HUL,Nico,Hülkenberg,haas,Haas F1 Team,12,11,0.0,Lapped
2024_15,2024,15,Dutch Grand Prix,2024-08-25,zandvoort,ricciardo,RIC,Daniel,Ricciardo,rb,RB F1 Team,13,12,0.0,Lapped
2024_15,2024,15,Dutch Grand Prix,2024-08-25,zandvoort,stroll,STR,Lance,Stroll,aston_martin,Aston Martin,8,13,0.0,Lapped
2024_15,2024,15,Dutch Grand Prix,2024-08-25,zandvoort,albon,ALB,Alexander,Albon,williams,Williams,19,14,0.0,Lapped
2024_15,2024,15,Dutch Grand Prix,2024-08-25,zandvoort,ocon,OCO,Esteban,Ocon,alpine,Alpine F1 Team,15,15,0.0,Lapped
2024_15,2024,15,Dutch Grand Prix,2024-08-25,zandvoort,sargeant,SAR,Logan,Sargeant,williams,Williams,18,16,0.0,Lapped
2024_15,2024,15,Dutch Grand Prix,2024-08-25,zandvoort,tsunoda,TSU,Yuki,Tsunoda,rb,RB F1 Team,11,17,0.0,Lapped
2024_15,2024,15,Dutch Grand Prix,2024-08-25,zandvoort,kevin_magnussen,MAG,Kevin,Magnussen,haas,Haas F1 Team,20,18,0.0,Lapped
2024_15,2024,15,Dutch Grand Prix,2024-08-25,zandvoort,bottas,BOT,Valtteri,Bottas,sauber,Sauber,16,19,0.0,Lapped
2024_15,2024,15,Dutch Grand Prix,2024-08-25,zandvoort,zhou,ZHO,Guanyu,Zhou,sauber,Sauber,17,20,0.0,Lapped
2024_16,2024,16,Italian Grand Prix,2024-09-01,monza,leclerc,LEC,Charles,Leclerc,ferrari,Ferrari,4,1,25.0,Finished
2024_16,2024,16,Italian Grand Prix,2024-09-01,monza,piastri,PIA,Oscar,Piastri,mclaren,McLaren,2,2,18.0,Finished
2024_16,2024,16,Italian Grand Prix,2024-09-01,monza,norris,NOR,Lando,Norris,mclaren,McLaren,1,3,16.0,Finished
2024_16,2024,16,Italian Grand Prix,2024-09-01,monza,sainz,SAI,Carlos,Sainz,ferrari,Ferrari,5,4,12.0,Finished
2024_16,2024,16,Italian Grand Prix,2024-09-01,monza,hamilton,HAM,Lewis,Hamilton,mercedes,Mercedes,6,5,10.0,Finished
2024_16,2024,16,Italian Grand Prix,2024-09-01,monza,max_verstappen,VER,Max,Verstappen,red_bull,Red Bull,7,6,8.0,Finished
2024_16,2024,16,Italian Grand Prix,2024-09-01,monza,russell,RUS,George,Russell,mercedes,Mercedes,3,7,6.0,Finished
2024_16,2024,16,Italian Grand Prix,2024-09-01,monza,perez,PER,Sergio,Pérez,red_bull,Red Bull,8,8,4.0,Finished
2024_16,2024,16,Italian Grand Prix,2024-09-01,monza,albon,ALB,Alexander,Albon,williams,Williams,9,9,2.0,Finished
2024_16,2024,16,Italian Grand Prix,2024-09-01,monza,kevin_magnussen,MAG,Kevin,Magnussen,haas,Haas F1 Team,13,10,1.0,Finished
2024_16,2024,16,Italian Grand Prix,2024-09-01,monza,alonso,ALO,Fernando,Alonso,aston_martin,Aston Martin,11,11,0.0,Finished
2024_16,2024,16,Italian Grand Prix,2024-09-01,monza,colapinto,COL,Franco,Colapinto,williams,Williams,18,12,0.0,Finished
2024_16,2024,16,Italian Grand Prix,2024-09-01,monza,ricciardo,RIC,Daniel,Ricciardo,rb,RB F1 Team,12,13,0.0,Finished
2024_16,2024,16,Italian Grand Prix,2024-09-01,monza,ocon,OCO,Esteban,Ocon,alpine,Alpine F1 Team,15,14,0.0,Lapped
2024_16,2024,16,Italian Grand Prix,2024-09-01,monza,gasly,GAS,Pierre,Gasly,alpine,Alpine F1 Team,14,15,0.0,Lapped
2024_16,2024,16,Italian Grand Prix,2024-09-01,monza,bottas,BOT,Valtteri,Bottas,sauber,Sauber,19,16,0.0,Lapped
2024_16,2024,16,Italian Grand Prix,2024-09-01,monza,hulkenberg,HUL,Nico,Hülkenberg,haas,Haas F1 Team,10,17,0.0,Lapped
2024_16,2024,16,Italian Grand Prix,2024-09-01,monza,zhou,ZHO,Guanyu,Zhou,sauber,Sauber,20,18,0.0,Lapped
2024_16,2024,16,Italian Grand Prix,2024-09-01,monza,stroll,STR,Lance,Stroll,aston_martin,Aston Martin,17,19,0.0,Lapped
2024_16,2024,16,Italian Grand Prix,2024-09-01,monza,tsunoda,TSU,Yuki,Tsunoda,rb,RB F1 Team,16,20,0.0,Retired
2024_17,2024,17,Azerbaijan Grand Prix,2024-09-15,baku,piastri,PIA,Oscar,Piastri,mclaren,McLaren,2,1,25.0,Finished
2024_17,2024,17,Azerbaijan Grand Prix,2024-09-15,baku,leclerc,LEC,Charles,Leclerc,ferrari,Ferrari,1,2,18.0,Finished
2024_17,2024,17,Azerbaijan Grand Prix,2024-09-15,baku,russell,RUS,George,Russell,mercedes,Mercedes,5,3,15.0,Finished
2024_17,2024,17,Azerbaijan Grand Prix,2024-09-15,baku,norris,NOR,Lando,Norris,mclaren,McLaren,15,4,13.0,Finished
2024_17,2024,17,Azerbaijan Grand Prix,2024-09-15,baku,max_verstappen,VER,Max,Verstappen,red_bull,Red Bull,6,5,10.0,Finished
2024_17,2024,17,Azerbaijan Grand Prix,2024-09-15,baku,alonso,ALO,Fernando,Alonso,aston_martin,Aston Martin,7,6,8.0,Finished
2024_17,2024,17,Azerbaijan Grand Prix,2024-09-15,baku,albon,ALB,Alexander,Albon,williams,Williams,9,7,6.0,Finished
2024_17,2024,17,Azerbaijan Grand Prix,2024-09-15,baku,colapinto,COL,Franco,Colapinto,williams,Williams,8,8,4.0,Finished
2024_17,2024,17,Azerbaijan Grand Prix,2024-09-15,baku,hamilton,HAM,Lewis,Hamilton,mercedes,Mercedes,19,9,2.0,Finished
2024_17,2024,17,Azerbaijan Grand Prix,2024-09-15,baku,bearman,BEA,Oliver,Bearman,haas,Haas F1 Team,10,10,1.0,Finished
2024_17,2024,17,Azerbaijan Grand Prix,2024-09-15,baku,hulkenberg,HUL,Nico,Hülkenberg,haas,Haas F1 Team,12,11,0.0,Finished
2024_17,2024,17,Azerbaijan Grand Prix,2024-09-15,baku,gasly,GAS,Pierre,Gasly,alpine,Alpine F1 Team,18,12,0.0,Finished
2024_17,2024,17,Azerbaijan Grand Prix,2024-09-15,baku,ricciardo,RIC,Daniel,Ricciardo,rb,RB F1 Team,14,13,0.0,Finished
2024_17,2024,17,Azerbaijan Grand Prix,2024-09-15,baku,zhou,ZHO,Guanyu,Zhou,sauber,Sauber,17,14,0.0,Finished
2024_17,2024,17,Azerbaijan Grand Prix,2024-09-15,baku,ocon,OCO,Esteban,Ocon,alpine,Alpine F1 Team,20,15,0.0,Lapped
2024_17,2024,17,Azerbaijan Grand Prix,2024-09-15,baku,bottas,BOT,Valtteri,Bottas,sauber,Sauber,16,16,0.0,Lapped
2024_17,2024,17,Azerbaijan Grand Prix,2024-09-15,baku,perez,PER,Sergio,Pérez,red_bull,Red Bull,4,17,0.0,Retired
2024_17,2024,17,Azerbaijan Grand Prix,2024-09-15,baku,sainz,SAI,Carlos,Sainz,ferrari,Ferrari,3,18,0.0,Retired
2024_17,2024,17,Azerbaijan Grand Prix,2024-09-15,baku,stroll,STR,Lance,Stroll,aston_martin,Aston Martin,13,19,0.0,Retired
2024_17,2024,17,Azerbaijan Grand Prix,2024-09-15,baku,tsunoda,TSU,Yuki,Tsunoda,rb,RB F1 Team,11,20,0.0,Retired
2024_18,2024,18,Singapore Grand Prix,2024-09-22,marina_bay,norris,NOR,Lando,Norris,mclaren,McLaren,1,1,25.0,Finished
2024_18,2024,18,Singapore Grand Prix,2024-09-22,marina_bay,max_verstappen,VER,Max,Verstappen,red_bull,Red Bull,2,2,18.0,Finished
2024_18,2024,18,Singapore Grand Prix,2024-09-22,marina_bay,piastri,PIA,Oscar,Piastri,mclaren,McLaren,5,3,15.0,Finished
2024_18,2024,18,Singapore Grand Prix,2024-09-22,marina_bay,russell,RUS,George,Russell,mercedes,Mercedes,4,4,12.0,Finished
2024_18,2024,18,Singapore Grand Prix,2024-09-22,marina_bay,leclerc,LEC,Charles,Leclerc,ferrari,Ferrari,9,5,10.0,Finished
2024_18,2024,18,Singapore Grand Prix,2024-09-22,marina_bay,hamilton,HAM,Lewis,Hamilton,mercedes,Mercedes,3,6,8.0,Finished
2024_18,2024,18,Singapore Grand Prix,2024-09-22,marina_bay,sainz,SAI,Carlos,Sainz,ferrari,Ferrari,10,7,6.0,Finished
2024_18,2024,18,Singapore Grand Prix,2024-09-22,marina_bay,alonso,ALO,Fernando,Alonso,aston_martin,Aston Martin,7,8,4.0,Lapped
2024_18,2024,18,Singapore Grand Prix,2024-09-22,marina_bay,hulkenberg,HUL,Nico,Hülkenberg,haas,Haas F1 Team,6,9,2.0,Lapped
2024_18,2024,18,Singapore Grand Prix,2024-09-22,marina_bay,perez,PER,Sergio,Pérez,red_bull,Red Bull,13,10,1.0,Lapped
2024_18,2024,18,Singapore Grand Prix,2024-09-22,marina_bay,colapinto,COL,Franco,Colapinto,williams,Williams,12,11,0.0,Lapped
2024_18,2024,18,Singapore Grand Prix,2024-09-22,marina_bay,tsunoda,TSU,Yuki,Tsunoda,rb,RB F1 Team,8,12,0.0,Lapped
2024_18,2024,18,Singapore Grand Prix,2024-09-22,marina_bay,ocon,OCO,Esteban,Ocon,alpine,Alpine F1 Team,15,13,0.0,Lapped
2024_18,2024,18,Singapore Grand Prix,2024-09-22,marina_bay,stroll,STR,Lance,Stroll,aston_martin,Aston Martin,17,14,0.0,Lapped
2024_18,2024,18,Singapore Grand Prix,2024-09-22,marina_bay,zhou,ZHO,Guanyu,Zhou,sauber,Sauber,20,15,0.0,Lapped
2024_18,2024,18,Singapore Grand Prix,2024-09-22,marina_bay,bottas,BOT,Valtteri,Bottas,sauber,Sauber,19,16,0.0,Lapped
2024_18,2024,18,Singapore Grand Prix,2024-09-22,marina_bay,gasly,GAS,Pierre,Gasly,alpine,Alpine F1 Team,18,17,0.0,Lapped
2024_18,2024,18,Singapore Grand Prix,2024-09-22,marina_bay,ricciardo,RIC,Daniel,Ricciardo,rb,RB F1 Team,16,18,0.0,Lapped
2024_18,2024,18,Singapore Grand Prix,2024-09-22,marina_bay,kevin_magnussen,MAG,Kevin,Magnussen,haas,Haas F1 Team,14,19,0.0,Retired
2024_18,2024,18,Singapore Grand Prix,2024-09-22,marina_bay,albon,ALB,Alexander,Albon,williams,Williams,11,20,0.0,Retired
2024_19,2024,19,United States Grand Prix,2024-10-20,americas,leclerc,LEC,Charles,Leclerc,ferrari,Ferrari,4,1,25.0,Finished
2024_19,2024,19,United States Grand Prix,2024-10-20,americas,sainz,SAI,Carlos,Sainz,ferrari,Ferrari,3,2,18.0,Finished
2024_19,2024,19,United States Grand Prix,2024-10-20,americas,max_verstappen,VER,Max,Verstappen,red_bull,Red Bull,2,3,15.0,Finished
2024_19,2024,19,United States Grand Prix,2024-10-20,americas,norris,NOR,Lando,Norris,mclaren,McLaren,1,4,12.0,Finished
2024_19,2024,19,United States Grand Prix,2024-10-20,americas,piastri,PIA,Oscar,Piastri,mclaren,McLaren,5,5,10.0,Finished
2024_19,2024,19,United States Grand Prix,2024-10-20,americas,russell,RUS,George,Russell,mercedes,Mercedes,20,6,8.0,Finished
2024_19,2024,19,United States Grand Prix,2024-10-20,americas,perez,PER,Sergio,Pérez,red_bull,Red Bull,9,7,6.0,Finished
2024_19,2024,19,United States Grand Prix,2024-10-20,americas,hulkenberg,HUL,Nico,Hülkenberg,haas,Haas F1 Team,11,8,4.0,Finished
2024_19,2024,19,United States Grand Prix,2024-10-20,americas,lawson,LAW,Liam,Lawson,rb,RB F1 Team,19,9,2.0,Finished
2024_19,2024,19,United States Grand Prix,2024-10-20,americas,colapinto,COL,Franco,Colapinto,williams,Williams,15,10,1.0,Finished
2024_19,2024,19,United States Grand Prix,2024-10-20,americas,kevin_magnussen,MAG,Kevin,Magnussen,haas,Haas F1 Team,8,11,0.0,Finished
2024_19,2024,19,United States Grand Prix,2024-10-20,americas,gasly,GAS,Pierre,Gasly,alpine,Alpine F1 Team,6,12,0.0,Finished
2024_19,2024,19,United States Grand Prix,2024-10-20,americas,alonso,ALO,Fernando,Alonso,aston_martin,Aston Martin,7,13,0.0,Lapped
2024_19,2024,19,United States Grand Prix,2024-10-20,americas,tsunoda,TSU,Yuki,Tsunoda,rb,RB F1 Team,10,14,0.0,Lapped
2024_19,2024,19,United States Grand Prix,2024-10-20,americas,stroll,STR,Lance,Stroll,aston_martin,Aston Martin,13,15,0.0,Lapped
2024_19,2024,19,United States Grand Prix,2024-10-20,americas,albon,ALB,Alexander,Albon,williams,Williams,14,16,0.0,Lapped
2024_19,2024,19,United States Grand Prix,2024-10-20,americas,bottas,BOT,Valtteri,Bottas,sauber,Sauber,16,17,0.0,Lapped
2024_19,2024,19,United States Grand Prix,2024-10-20,americas,ocon,OCO,Esteban,Ocon,alpine,Alpine F1 Team,12,18,0.0,Lapped
2024_19,2024,19,United States Grand Prix,2024-10-20,americas,zhou,ZHO,Guanyu,Zhou,sauber,Sauber,18,19,0.0,Lapped
2024_19,2024,19,United States Grand Prix,2024-10-20,americas,hamilton,HAM,Lewis,Hamilton,mercedes,Mercedes,17,20,0.0,Retired
2024_20,2024,20,Mexico City Grand Prix,2024-10-27,rodriguez,sainz,SAI,Carlos,Sainz,ferrari,Ferrari,1,1,25.0,Finished
2024_20,2024,20,Mexico City Grand Prix,2024-10-27,rodriguez,norris,NOR,Lando,Norris,mclaren,McLaren,3,2,18.0,Finished
2024_20,2024,20,Mexico City Grand Prix,2024-10-27,rodriguez,leclerc,LEC,Charles,Leclerc,ferrari,Ferrari,4,3,16.0,Finished
2024_20,2024,20,Mexico City Grand Prix,2024-10-27,rodriguez,hamilton,HAM,Lewis,Hamilton,mercedes,Mercedes,6,4,12.0,Finished
2024_20,2024,20,Mexico City Grand Prix,2024-10-27,rodriguez,russell,RUS,George,Russell,mercedes,Mercedes,5,5,10.0,Finished
2024_20,2024,20,Mexico City Grand Prix,2024-10-27,rodriguez,max_verstappen,VER,Max,Verstappen,red_bull,Red Bull,2,6,8.0,Finished
2024_20,2024,20,Mexico City Grand Prix,2024-10-27,rodriguez,kevin_magnussen,MAG,Kevin,Magnussen,haas,Haas F1 Team,7,7,6.0,Finished
2024_20,2024,20,Mexico City Grand Prix,2024-10-27,rodriguez,piastri,PIA,Oscar,Piastri,mclaren,McLaren,17,8,4.0,Finished
2024_20,2024,20,Mexico City Grand Prix,2024-10-27,rodriguez,hulkenberg,HUL,Nico,Hülkenberg,haas,Haas F1 Team,10,9,2.0,Lapped
2024_20,2024,20,Mexico City Grand Prix,2024-10-27,rodriguez,gasly,GAS,Pierre,Gasly,alpine,Alpine F1 Team,8,10,1.0,Lapped
2024_20,2024,20,Mexico City Grand Prix,2024-10-27,rodriguez,stroll,STR,Lance,Stroll,aston_martin,Aston Martin,14,11,0.0,Lapped
2024_20,2024,20,Mexico City Grand Prix,2024-10-27,rodriguez,colapinto,COL,Franco,Colapinto,williams,Williams,16,12,0.0,Lapped
2024_20,2024,20,Mexico City Grand Prix,2024-10-27,rodriguez,ocon,OCO,Esteban,Ocon,alpine,Alpine F1 Team,0,13,0.0,Lapped
2024_20,2024,20,Mexico City Grand Prix,2024-10-27,rodriguez,bottas,BOT,Valtteri,Bottas,sauber,Sauber,15,14,0.0,Lapped
2024_20,2024,20,Mexico City Grand Prix,2024-10-27,rodriguez,zhou,ZHO,Guanyu,Zhou,sauber,Sauber,19,15,0.0,Lapped
2024_20,2024,20,Mexico City Grand Prix,2024-10-27,rodriguez,lawson,LAW,Liam,Lawson,rb,RB F1 Team,12,16,0.0,Lapped
2024_20,2024,20,Mexico City Grand Prix,2024-10-27,rodriguez,perez,PER,Sergio,Pérez,red_bull,Red Bull,18,17,0.0,Lapped
2024_20,2024,20,Mexico City Grand Prix,2024-10-27,rodriguez,alonso,ALO,Fernando,Alonso,aston_martin,Aston Martin,13,18,0.0,Retired
2024_20,2024,20,Mexico City Grand Prix,2024-10-27,rodriguez,albon,ALB,Alexander,Albon,williams,Williams,9,19,0.0,Retired
2024_20,2024,20,Mexico City Grand Prix,2024-10-27,rodriguez,tsunoda,TSU,Yuki,Tsunoda,rb,RB F1 Team,11,20,0.0,Retired
2024_21,2024,21,São Paulo Grand Prix,2024-11-03,interlagos,max_verstappen,VER,Max,Verstappen,red_bull,Red Bull,17,1,26.0,Finished
2024_21,2024,21,São Paulo Grand Prix,2024-11-03,interlagos,ocon,OCO,Esteban,Ocon,alpine,Alpine F1 Team,4,2,18.0,Finished
2024_21,2024,21,São Paulo Grand Prix,2024-11-03,interlagos,gasly,GAS,Pierre,Gasly,alpine,Alpine F1 Team,13,3,15.0,Finished
2024_21,2024,21,São Paulo Grand Prix,2024-11-03,interlagos,russell,RUS,George,Russell,mercedes,Mercedes,2,4,12.0,Finished
2024_21,2024,21,São Paulo Grand Prix,2024-11-03,interlagos,leclerc,LEC,Charles,Leclerc,ferrari,Ferrari,6,5,10.0,Finished
2024_21,2024,21,São Paulo Grand Prix,2024-11-03,interlagos,norris,NOR,Lando,Norris,mclaren,McLaren,1,6,8.0,Finished
2024_21,2024,21,São Paulo Grand Prix,2024-11-03,interlagos,tsunoda,TSU,Yuki,Tsunoda,rb,RB F1 Team,3,7,6.0,Finished
2024_21,2024,21,São Paulo Grand Prix,2024-11-03,interlagos,piastri,PIA,Oscar,Piastri,mclaren,McLaren,8,8,4.0,Finished
2024_21,2024,21,São Paulo Grand Prix,2024-11-03,interlagos,lawson,LAW,Liam,Lawson,rb,RB F1 Team,5,9,2.0,Finished
2024_21,2024,21,São Paulo Grand Prix,2024-11-03,interlagos,hamilton,HAM,Lewis,Hamilton,mercedes,Mercedes,14,10,1.0,Finished
2024_21,2024,21,São Paulo Grand Prix,2024-11-03,interlagos,perez,PER,Sergio,Pérez,red_bull,Red Bull,12,11,0.0,Finished
2024_21,2024,21,São Paulo Grand Prix,2024-11-03,interlagos,bearman,BEA,Oliver,Bearman,haas,Haas F1 Team,15,12,0.0,Finished
2024_21,2024,21,São Paulo Grand Prix,2024-11-03,interlagos,bottas,BOT,Valtteri,Bottas,sauber,Sauber,11,13,0.0,Finished
2024_21,2024,21,São Paulo Grand Prix,2024-11-03,interlagos,alonso,ALO,Fernando,Alonso,aston_martin,Aston Martin,9,14,0.0,Finished
2024_21,2024,21,São Paulo Grand Prix,2024-11-03,interlagos,zhou,ZHO,Guanyu,Zhou,sauber,Sauber,19,15,0.0,Finished
2024_21,2024,21,São Paulo Grand Prix,2024-11-03,interlagos,sainz,SAI,Carlos,Sainz,ferrari,Ferrari,20,16,0.0,Retired
2024_21,2024,21,São Paulo Grand Prix,2024-11-03,interlagos,colapinto,COL,Franco,Colapinto,williams,Williams,16,17,0.0,Retired
2024_21,2024,21,São Paulo Grand Prix,2024-11-03,interlagos,albon,ALB,Alexander,Albon,williams,Williams,7,18,0.0,Did not start
2024_21,2024,21,São Paulo Grand Prix,2024-11-03,interlagos,stroll,STR,Lance,Stroll,aston_martin,Aston Martin,10,19,0.0,Did not start
2024_21,2024,21,São Paulo Grand Prix,2024-11-03,interlagos,hulkenberg,HUL,Nico,Hülkenberg,haas,Haas F1 Team,18,20,0.0,Disqualified
2024_22,2024,22,Las Vegas Grand Prix,2024-11-23,vegas,russell,RUS,George,Russell,mercedes,Mercedes,1,1,25.0,Finished
2024_22,2024,22,Las Vegas Grand Prix,2024-11-23,vegas,hamilton,HAM,Lewis,Hamilton,mercedes,Mercedes,10,2,18.0,Finished
2024_22,2024,22,Las Vegas Grand Prix,2024-11-23,vegas,sainz,SAI,Carlos,Sainz,ferrari,Ferrari,2,3,15.0,Finished
2024_22,2024,22,Las Vegas Grand Prix,2024-11-23,vegas,leclerc,LEC,Charles,Leclerc,ferrari,Ferrari,4,4,12.0,Finished
2024_22,2024,22,Las Vegas Grand Prix,2024-11-23,vegas,max_verstappen,VER,Max,Verstappen,red_bull,Red Bull,5,5,10.0,Finished
2024_22,2024,22,Las Vegas Grand Prix,2024-11-23,vegas,norris,NOR,Lando,Norris,mclaren,McLaren,6,6,9.0,Finished
2024_22,2024,22,Las Vegas Grand Prix,2024-11-23,vegas,piastri,PIA,Oscar,Piastri,mclaren,McLaren,8,7,6.0,Finished
2024_22,2024,22,Las Vegas Grand Prix,2024-11-23,vegas,hulkenberg,HUL,Nico,Hülkenberg,haas,Haas F1 Team,9,8,4.0,Finished
2024_22,2024,22,Las Vegas Grand Prix,2024-11-23,vegas,tsunoda,TSU,Yuki,Tsunoda,rb,RB F1 Team,7,9,2.0,Finished
2024_22,2024,22,Las Vegas Grand Prix,2024-11-23,vegas,perez,PER,Sergio,Pérez,red_bull,Red Bull,15,10,1.0,Finished
2024_22,2024,22,Las Vegas Grand Prix,2024-11-23,vegas,alonso,ALO,Fernando,Alonso,aston_martin,Aston Martin,16,11,0.0,Finished
2024_22,2024,22,Las Vegas Grand Prix,2024-11-23,vegas,kevin_magnussen,MAG,Kevin,Magnussen,haas,Haas F1 Team,12,12,0.0,Finished
2024_22,2024,22,Las Vegas Grand Prix,2024-11-23,vegas,zhou,ZHO,Guanyu,Zhou,sauber,Sauber,13,13,0.0,Finished
2024_22,2024,22,Las Vegas Grand Prix,2024-11-23,vegas,colapinto,COL,Franco,Colapinto,williams,Williams,20,14,0.0,Finished
2024_22,2024,22,Las Vegas Grand Prix,2024-11-23,vegas,stroll,STR,Lance,Stroll,aston_martin,Aston Martin,18,15,0.0,Finished
2024_22,2024,22,Las Vegas Grand Prix,2024-11-23,vegas,lawson,LAW,Liam,Lawson,rb,RB F1 Team,14,16,0.0,Finished
2024_22,2024,22,Las Vegas Grand Prix,2024-11-23,vegas,ocon,OCO,Esteban,Ocon,alpine,Alpine F1 Team,11,17,0.0,Lapped
2024_22,2024,22,Las Vegas Grand Prix,2024-11-23,vegas,bottas,BOT,Valtteri,Bottas,sauber,Sauber,19,18,0.0,Lapped
2024_22,2024,22,Las Vegas Grand Prix,2024-11-23,vegas,albon,ALB,Alexander,Albon,williams,Williams,17,19,0.0,Retired
2024_22,2024,22,Las Vegas Grand Prix,2024-11-23,vegas,gasly,GAS,Pierre,Gasly,alpine,Alpine F1 Team,3,20,0.0,Retired
2024_23,2024,23,Qatar Grand Prix,2024-12-01,losail,max_verstappen,VER,Max,Verstappen,red_bull,Red Bull,2,1,25.0,Finished
2024_23,2024,23,Qatar Grand Prix,2024-12-01,losail,leclerc,LEC,Charles,Leclerc,ferrari,Ferrari,5,2,18.0,Finished
2024_23,2024,23,Qatar Grand Prix,2024-12-01,losail,piastri,PIA,Oscar,Piastri,mclaren,McLaren,4,3,15.0,Finished
2024_23,2024,23,Qatar Grand Prix,2024-12-01,losail,russell,RUS,George,Russell,mercedes,Mercedes,1,4,12.0,Finished
2024_23,2024,23,Qatar Grand Prix,2024-12-01,losail,gasly,GAS,Pierre,Gasly,alpine,Alpine F1 Team,11,5,10.0,Finished
2024_23,2024,23,Qatar Grand Prix,2024-12-01,losail,sainz,SAI,Carlos,Sainz,ferrari,Ferrari,7,6,8.0,Finished
2024_23,2024,23,Qatar Grand Prix,2024-12-01,losail,alonso,ALO,Fernando,Alonso,aston_martin,Aston Martin,8,7,6.0,Finished
2024_23,2024,23,Qatar Grand Prix,2024-12-01,losail,zhou,ZHO,Guanyu,Zhou,sauber,Sauber,12,8,4.0,Finished
2024_23,2024,23,Qatar Grand Prix,2024-12-01,losail,kevin_magnussen,MAG,Kevin,Magnussen,haas,Haas F1 Team,10,9,2.0,Finished
2024_23,2024,23,Qatar Grand Prix,2024-12-01,losail,norris,NOR,Lando,Norris,mclaren,McLaren,3,10,2.0,Finished
2024_23,2024,23,Qatar Grand Prix,2024-12-01,losail,bottas,BOT,Valtteri,Bottas,sauber,Sauber,13,11,0.0,Finished
2024_23,2024,23,Qatar Grand Prix,2024-12-01,losail,hamilton,HAM,Lewis,Hamilton,mercedes,Mercedes,6,12,0.0,Finished
2024_23,2024,23,Qatar Grand Prix,2024-12-01,losail,tsunoda,TSU,Yuki,Tsunoda,rb,RB F1 Team,14,13,0.0,Finished
2024_23,2024,23,Qatar Grand Prix,2024-12-01,losail,lawson,LAW,Liam,Lawson,rb,RB F1 Team,17,14,0.0,Finished
2024_23,2024,23,Qatar Grand Prix,2024-12-01,losail,albon,ALB,Alexander,Albon,williams,Williams,16,15,0.0,Lapped
2024_23,2024,23,Qatar Grand Prix,2024-12-01,losail,hulkenberg,HUL,Nico,Hülkenberg,haas,Haas F1 Team,18,16,0.0,Retired
2024_23,2024,23,Qatar Grand Prix,2024-12-01,losail,perez,PER,Sergio,Pérez,red_bull,Red Bull,9,17,0.0,Retired
2024_23,2024,23,Qatar Grand Prix,2024-12-01,losail,stroll,STR,Lance,Stroll,aston_martin,Aston Martin,15,18,0.0,Retired
2024_23,2024,23,Qatar Grand Prix,2024-12-01,losail,colapinto,COL,Franco,Colapinto,williams,Williams,19,19,0.0,Retired
2024_23,2024,23,Qatar Grand Prix,2024-12-01,losail,ocon,OCO,Esteban,Ocon,alpine,Alpine F1 Team,20,20,0.0,Retired
2024_24,2024,24,Abu Dhabi Grand Prix,2024-12-08,yas_marina,norris,NOR,Lando,Norris,mclaren,McLaren,1,1,25.0,Finished
2024_24,2024,24,Abu Dhabi Grand Prix,2024-12-08,yas_marina,sainz,SAI,Carlos,Sainz,ferrari,Ferrari,3,2,18.0,Finished
2024_24,2024,24,Abu Dhabi Grand Prix,2024-12-08,yas_marina,leclerc,LEC,Charles,Leclerc,ferrari,Ferrari,19,3,15.0,Finished
2024_24,2024,24,Abu Dhabi Grand Prix,2024-12-08,yas_marina,hamilton,HAM,Lewis,Hamilton,mercedes,Mercedes,16,4,12.0,Finished
2024_24,2024,24,Abu Dhabi Grand Prix,2024-12-08,yas_marina,russell,RUS,George,Russell,mercedes,Mercedes,6,5,10.0,Finished
2024_24,2024,24,Abu Dhabi Grand Prix,2024-12-08,yas_marina,max_verstappen,VER,Max,Verstappen,red_bull,Red Bull,4,6,8.0,Finished
2024_24,2024,24,Abu Dhabi Grand Prix,2024-12-08,yas_marina,gasly,GAS,Pierre,Gasly,alpine,Alpine F1 Team,5,7,6.0,Finished
2024_24,2024,24,Abu Dhabi Grand Prix,2024-12-08,yas_marina,hulkenberg,HUL,Nico,Hülkenberg,haas,Haas F1 Team,7,8,4.0,Finished
2024_24,2024,24,Abu Dhabi Grand Prix,2024-12-08,yas_marina,alonso,ALO,Fernando,Alonso,aston_martin,Aston Martin,8,9,2.0,Finished
2024_24,2024,24,Abu Dhabi Grand Prix,2024-12-08,yas_marina,piastri,PIA,Oscar,Piastri,mclaren,McLaren,2,10,1.0,Finished
2024_24,2024,24,Abu Dhabi Grand Prix,2024-12-08,yas_marina,albon,ALB,Alexander,Albon,williams,Williams,18,11,0.0,Lapped
2024_24,2024,24,Abu Dhabi Grand Prix,2024-12-08,yas_marina,tsunoda,TSU,Yuki,Tsunoda,rb,RB F1 Team,11,12,0.0,Lapped
2024_24,2024,24,Abu Dhabi Grand Prix,2024-12-08,yas_marina,zhou,ZHO,Guanyu,Zhou,sauber,Sauber,15,13,0.0,Lapped
2024_24,2024,24,Abu Dhabi Grand Prix,2024-12-08,yas_marina,stroll,STR,Lance,Stroll,aston_martin,Aston Martin,13,14,0.0,Lapped
2024_24,2024,24,Abu Dhabi Grand Prix,2024-12-08,yas_marina,doohan,DOO,Jack,Doohan,alpine,Alpine F1 Team,17,15,0.0,Lapped
2024_24,2024,24,Abu Dhabi Grand Prix,2024-12-08,yas_marina,kevin_magnussen,MAG,Kevin,Magnussen,haas,Haas F1 Team,14,16,0.0,Lapped
2024_24,2024,24,Abu Dhabi Grand Prix,2024-12-08,yas_marina,lawson,LAW,Liam,Lawson,rb,RB F1 Team,12,17,0.0,Retired
2024_24,2024,24,Abu Dhabi Grand Prix,2024-12-08,yas_marina,bottas,BOT,Valtteri,Bottas,sauber,Sauber,9,18,0.0,Retired
2024_24,2024,24,Abu Dhabi Grand Prix,2024-12-08,yas_marina,colapinto,COL,Franco,Colapinto,williams,Williams,20,19,0.0,Retired
2024_24,2024,24,Abu Dhabi Grand Prix,2024-12-08,yas_marina,perez,PER,Sergio,Pérez,red_bull,Red Bull,10,20,0.0,Retired
2025_1,2025,1,Australian Grand Prix,2025-03-16,albert_park,norris,NOR,Lando,Norris,mclaren,McLaren,1,1,25.0,Finished
2025_1,2025,1,Australian Grand Prix,2025-03-16,albert_park,max_verstappen,VER,Max,Verstappen,red_bull,Red Bull,3,2,18.0,Finished
2025_1,2025,1,Australian Grand Prix,2025-03-16,albert_park,russell,RUS,George,Russell,mercedes,Mercedes,4,3,15.0,Finished
2025_1,2025,1,Australian Grand Prix,2025-03-16,albert_park,antonelli,ANT,Andrea Kimi,Antonelli,mercedes,Mercedes,16,4,12.0,Finished
2025_1,2025,1,Australian Grand Prix,2025-03-16,albert_park,albon,ALB,Alexander,Albon,williams,Williams,6,5,10.0,Finished
2025_1,2025,1,Australian Grand Prix,2025-03-16,albert_park,stroll,STR,Lance,Stroll,aston_martin,Aston Martin,13,6,8.0,Finished
2025_1,2025,1,Australian Grand Prix,2025-03-16,albert_park,hulkenberg,HUL,Nico,Hülkenberg,sauber,Sauber,17,7,6.0,Finished
2025_1,2025,1,Australian Grand Prix,2025-03-16,albert_park,leclerc,LEC,Charles,Leclerc,ferrari,Ferrari,7,8,4.0,Finished
2025_1,2025,1,Australian Grand Prix,2025-03-16,albert_park,piastri,PIA,Oscar,Piastri,mclaren,McLaren,2,9,2.0,Finished
2025_1,2025,1,Australian Grand Prix,2025-03-16,albert_park,hamilton,HAM,Lewis,Hamilton,ferrari,Ferrari,8,10,1.0,Finished
2025_1,2025,1,Australian Grand Prix,2025-03-16,albert_park,gasly,GAS,Pierre,Gasly,alpine,Alpine F1 Team,9,11,0.0,Finished
2025_1,2025,1,Australian Grand Prix,2025-03-16,albert_park,tsunoda,TSU,Yuki,Tsunoda,rb,RB F1 Team,5,12,0.0,Finished
2025_1,2025,1,Australian Grand Prix,2025-03-16,albert_park,ocon,OCO,Esteban,Ocon,haas,Haas F1 Team,19,13,0.0,Finished
2025_1,2025,1,Australian Grand Prix,2025-03-16,albert_park,bearman,BEA,Oliver,Bearman,haas,Haas F1 Team,20,14,0.0,Finished
2025_1,2025,1,Australian Grand Prix,2025-03-16,albert_park,lawson,LAW,Liam,Lawson,red_bull,Red Bull,18,15,0.0,Retired
2025_1,2025,1,Australian Grand Prix,2025-03-16,albert_park,bortoleto,BOR,Gabriel,Bortoleto,sauber,Sauber,15,16,0.0,Retired
2025_1,2025,1,Australian Grand Prix,2025-03-16,albert_park,alonso,ALO,Fernando,Alonso,aston_martin,Aston Martin,12,17,0.0,Retired
2025_1,2025,1,Australian Grand Prix,2025-03-16,albert_park,sainz,SAI,Carlos,Sainz,williams,Williams,10,18,0.0,Retired
2025_1,2025,1,Australian Grand Prix,2025-03-16,albert_park,doohan,DOO,Jack,Doohan,alpine,Alpine F1 Team,14,19,0.0,Retired
2025_1,2025,1,Australian Grand Prix,2025-03-16,albert_park,hadjar,HAD,Isack,Hadjar,rb,RB F1 Team,11,20,0.0,Retired
2025_2,2025,2,Chinese Grand Prix,2025-03-23,shanghai,piastri,PIA,Oscar,Piastri,mclaren,McLaren,1,1,25.0,Finished
2025_2,2025,2,Chinese Grand Prix,2025-03-23,shanghai,norris,NOR,Lando,Norris,mclaren,McLaren,3,2,18.0,Finished
2025_2,2025,2,Chinese Grand Prix,2025-03-23,shanghai,russell,RUS,George,Russell,mercedes,Mercedes,2,3,15.0,Finished
2025_2,2025,2,Chinese Grand Prix,2025-03-23,shanghai,max_verstappen,VER,Max,Verstappen,red_bull,Red Bull,4,4,12.0,Finished
2025_2,2025,2,Chinese Grand Prix,2025-03-23,shanghai,ocon,OCO,Esteban,Ocon,haas,Haas F1 Team,11,5,10.0,Finished
2025_2,2025,2,Chinese Grand Prix,2025-03-23,shanghai,antonelli,ANT,Andrea Kimi,Antonelli,mercedes,Mercedes,8,6,8.0,Finished
2025_2,2025,2,Chinese Grand Prix,2025-03-23,shanghai,albon,ALB,Alexander,Albon,williams,Williams,10,7,6.0,Finished
2025_2,2025,2,Chinese Grand Prix,2025-03-23,shanghai,bearman,BEA,Oliver,Bearman,haas,Haas F1 Team,17,8,4.0,Finished
2025_2,2025,2,Chinese Grand Prix,2025-03-23,shanghai,stroll,STR,Lance,Stroll,aston_martin,Aston Martin,14,9,2.0,Finished
2025_2,2025,2,Chinese Grand Prix,2025-03-23,shanghai,sainz,SAI,Carlos,Sainz,williams,Williams,15,10,1.0,Finished
2025_2,2025,2,Chinese Grand Prix,2025-03-23,shanghai,hadjar,HAD,Isack,Hadjar,rb,RB F1 Team,7,11,0.0,Finished
2025_2,2025,2,Chinese Grand Prix,2025-03-23,shanghai,lawson,LAW,Liam,Lawson,red_bull,Red Bull,20,12,0.0,Finished
2025_2,2025,2,Chinese Grand Prix,2025-03-23,shanghai,doohan,DOO,Jack,Doohan,alpine,Alpine F1 Team,18,13,0.0,Finished
2025_2,2025,2,Chinese Grand Prix,2025-03-23,shanghai,bortoleto,BOR,Gabriel,Bortoleto,sauber,Sauber,19,14,0.0,Lapped
2025_2,2025,2,Chinese Grand Prix,2025-03-23,shanghai,hulkenberg,HUL,Nico,Hülkenberg,sauber,Sauber,12,15,0.0,Lapped
2025_2,2025,2,Chinese Grand Prix,2025-03-23,shanghai,tsunoda,TSU,Yuki,Tsunoda,rb,RB F1 Team,9,16,0.0,Lapped
2025_2,2025,2,Chinese Grand Prix,2025-03-23,shanghai,alonso,ALO,Fernando,Alonso,aston_martin,Aston Martin,13,17,0.0,Retired
2025_2,2025,2,Chinese Grand Prix,2025-03-23,shanghai,leclerc,LEC,Charles,Leclerc,ferrari,Ferrari,6,18,0.0,Disqualified
2025_2,2025,2,Chinese Grand Prix,2025-03-23,shanghai,hamilton,HAM,Lewis,Hamilton,ferrari,Ferrari,5,19,0.0,Disqualified
2025_2,2025,2,Chinese Grand Prix,2025-03-23,shanghai,gasly,GAS,Pierre,Gasly,alpine,Alpine F1 Team,16,20,0.0,Disqualified
2025_3,2025,3,Japanese Grand Prix,2025-04-06,suzuka,max_verstappen,VER,Max,Verstappen,red_bull,Red Bull,1,1,25.0,Finished
2025_3,2025,3,Japanese Grand Prix,2025-04-06,suzuka,norris,NOR,Lando,Norris,mclaren,McLaren,2,2,18.0,Finished
2025_3,2025,3,Japanese Grand Prix,2025-04-06,suzuka,piastri,PIA,Oscar,Piastri,mclaren,McLaren,3,3,15.0,Finished
2025_3,2025,3,Japanese Grand Prix,2025-04-06,suzuka,leclerc,LEC,Charles,Leclerc,ferrari,Ferrari,4,4,12.0,Finished
2025_3,2025,3,Japanese Grand Prix,2025-04-06,suzuka,russell,RUS,George,Russell,mercedes,Mercedes,5,5,10.0,Finished
2025_3,2025,3,Japanese Grand Prix,2025-04-06,suzuka,antonelli,ANT,Andrea Kimi,Antonelli,mercedes,Mercedes,6,6,8.0,Finished
2025_3,2025,3,Japanese Grand Prix,2025-04-06,suzuka,hamilton,HAM,Lewis,Hamilton,ferrari,Ferrari,8,7,6.0,Finished
2025_3,2025,3,Japanese Grand Prix,2025-04-06,suzuka,hadjar,HAD,Isack,Hadjar,rb,RB F1 Team,7,8,4.0,Finished
2025_3,2025,3,Japanese Grand Prix,2025-04-06,suzuka,albon,ALB,Alexander,Albon,williams,Williams,9,9,2.0,Finished
2025_3,2025,3,Japanese Grand Prix,2025-04-06,suzuka,bearman,BEA,Oliver,Bearman,haas,Haas F1 Team,10,10,1.0,Finished
2025_3,2025,3,Japanese Grand Prix,2025-04-06,suzuka,alonso,ALO,Fernando,Alonso,aston_martin,Aston Martin,12,11,0.0,Finished
2025_3,2025,3,Japanese Grand Prix,2025-04-06,suzuka,tsunoda,TSU,Yuki,Tsunoda,red_bull,Red Bull,14,12,0.0,Finished
2025_3,2025,3,Japanese Grand Prix,2025-04-06,suzuka,gasly,GAS,Pierre,Gasly,alpine,Alpine F1 Team,11,13,0.0,Finished
2025_3,2025,3,Japanese Grand Prix,2025-04-06,suzuka,sainz,SAI,Carlos,Sainz,williams,Williams,15,14,0.0,Finished
2025_3,2025,3,Japanese Grand Prix,2025-04-06,suzuka,doohan,DOO,Jack,Doohan,alpine,Alpine F1 Team,19,15,0.0,Finished
2025_3,2025,3,Japanese Grand Prix,2025-04-06,suzuka,hulkenberg,HUL,Nico,Hülkenberg,sauber,Sauber,16,16,0.0,Finished
2025_3,2025,3,Japanese Grand Prix,2025-04-06,suzuka,lawson,LAW,Liam,Lawson,rb,RB F1 Team,13,17,0.0,Finished
2025_3,2025,3,Japanese Grand Prix,2025-04-06,suzuka,ocon,OCO,Esteban,Ocon,haas,Haas F1 Team,18,18,0.0,Finished
2025_3,2025,3,Japanese Grand Prix,2025-04-06,suzuka,bortoleto,BOR,Gabriel,Bortoleto,sauber,Sauber,17,19,0.0,Finished
2025_3,2025,3,Japanese Grand Prix,2025-04-06,suzuka,stroll,STR,Lance,Stroll,aston_martin,Aston Martin,20,20,0.0,Lapped
2025_4,2025,4,Bahrain Grand Prix,2025-04-13,bahrain,piastri,PIA,Oscar,Piastri,mclaren,McLaren,1,1,25.0,Finished
2025_4,2025,4,Bahrain Grand Prix,2025-04-13,bahrain,russell,RUS,George,Russell,mercedes,Mercedes,3,2,18.0,Finished
2025_4,2025,4,Bahrain Grand Prix,2025-04-13,bahrain,norris,NOR,Lando,Norris,mclaren,McLaren,6,3,15.0,Finished
2025_4,2025,4,Bahrain Grand Prix,2025-04-13,bahrain,leclerc,LEC,Charles,Leclerc,ferrari,Ferrari,2,4,12.0,Finished
2025_4,2025,4,Bahrain Grand Prix,2025-04-13,bahrain,hamilton,HAM,Lewis,Hamilton,ferrari,Ferrari,9,5,10.0,Finished
2025_4,2025,4,Bahrain Grand Prix,2025-04-13,bahrain,max_verstappen,VER,Max,Verstappen,red_bull,Red Bull,7,6,8.0,Finished
2025_4,2025,4,Bahrain Grand Prix,2025-04-13,bahrain,gasly,GAS,Pierre,Gasly,alpine,Alpine F1 Team,4,7,6.0,Finished
2025_4,2025,4,Bahrain Grand Prix,2025-04-13,bahrain,ocon,OCO,Esteban,Ocon,haas,Haas F1 Team,14,8,4.0,Finished
2025_4,2025,4,Bahrain Grand Prix,2025-04-13,bahrain,tsunoda,TSU,Yuki,Tsunoda,red_bull,Red Bull,10,9,2.0,Finished
2025_4,2025,4,Bahrain Grand Prix,2025-04-13,bahrain,bearman,BEA,Oliver,Bearman,haas,Haas F1 Team,20,10,1.0,Finished
2025_4,2025,4,Bahrain Grand Prix,2025-04-13,bahrain,antonelli,ANT,Andrea Kimi,Antonelli,mercedes,Mercedes,5,11,0.0,Finished
2025_4,2025,4,Bahrain Grand Prix,2025-04-13,bahrain,albon,ALB,Alexander,Albon,williams,Williams,15,12,0.0,Finished
2025_4,2025,4,Bahrain Grand Prix,2025-04-13,bahrain,hadjar,HAD,Isack,Hadjar,rb,RB F1 Team,12,13,0.0,Finished
2025_4,2025,4,Bahrain Grand Prix,2025-04-13,bahrain,doohan,DOO,Jack,Doohan,alpine,Alpine F1 Team,11,14,0.0,Finished
2025_4,2025,4,Bahrain Grand Prix,2025-04-13,bahrain,alonso,ALO,Fernando,Alonso,aston_martin,Aston Martin,13,15,0.0,Finished
2025_4,2025,4,Bahrain Grand Prix,2025-04-13,bahrain,lawson,LAW,Liam,Lawson,rb,RB F1 Team,17,16,0.0,Finished
2025_4,2025,4,Bahrain Grand Prix,2025-04-13,bahrain,stroll,STR,Lance,Stroll,aston_martin,Aston Martin,19,17,0.0,Finished
2025_4,2025,4,Bahrain Grand Prix,2025-04-13,bahrain,bortoleto,BOR,Gabriel,Bortoleto,sauber,Sauber,18,18,0.0,Finished
2025_4,2025,4,Bahrain Grand Prix,2025-04-13,bahrain,sainz,SAI,Carlos,Sainz,williams,Williams,8,19,0.0,Retired
2025_4,2025,4,Bahrain Grand Prix,2025-04-13,bahrain,hulkenberg,HUL,Nico,Hülkenberg,sauber,Sauber,16,20,0.0,Disqualified
2025_5,2025,5,Saudi Arabian Grand Prix,2025-04-20,jeddah,piastri,PIA,Oscar,Piastri,mclaren,McLaren,2,1,25.0,Finished
2025_5,2025,5,Saudi Arabian Grand Prix,2025-04-20,jeddah,max_verstappen,VER,Max,Verstappen,red_bull,Red Bull,1,2,18.0,Finished
2025_5,2025,5,Saudi Arabian Grand Prix,2025-04-20,jeddah,leclerc,LEC,Charles,Leclerc,ferrari,Ferrari,4,3,15.0,Finished
2025_5,2025,5,Saudi Arabian Grand Prix,2025-04-20,jeddah,norris,NOR,Lando,Norris,mclaren,McLaren,10,4,12.0,Finished
2025_5,2025,5,Saudi Arabian Grand Prix,2025-04-20,jeddah,russell,RUS,George,Russell,mercedes,Mercedes,3,5,10.0,Finished
2025_5,2025,5,Saudi Arabian Grand Prix,2025-04-20,jeddah,antonelli,ANT,Andrea Kimi,Antonelli,mercedes,Mercedes,5,6,8.0,Finished
2025_5,2025,5,Saudi Arabian Grand Prix,2025-04-20,jeddah,hamilton,HAM,Lewis,Hamilton,ferrari,Ferrari,7,7,6.0,Finished
2025_5,2025,5,Saudi Arabian Grand Prix,2025-04-20,jeddah,sainz,SAI,Carlos,Sainz,williams,Williams,6,8,4.0,Finished
2025_5,2025,5,Saudi Arabian Grand Prix,2025-04-20,jeddah,albon,ALB,Alexander,Albon,williams,Williams,11,9,2.0,Finished
2025_5,2025,5,Saudi Arabian Grand Prix,2025-04-20,jeddah,hadjar,HAD,Isack,Hadjar,rb,RB F1 Team,14,10,1.0,Finished
2025_5,2025,5,Saudi Arabian Grand Prix,2025-04-20,jeddah,alonso,ALO,Fernando,Alonso,aston_martin,Aston Martin,13,11,0.0,Finished
2025_5,2025,5,Saudi Arabian Grand Prix,2025-04-20,jeddah,lawson,LAW,Liam,Lawson,rb,RB F1 Team,12,12,0.0,Finished
2025_5,2025,5,Saudi Arabian Grand Prix,2025-04-20,jeddah,bearman,BEA,Oliver,Bearman,haas,Haas F1 Team,15,13,0.0,Finished
2025_5,2025,5,Saudi Arabian Grand Prix,2025-04-20,jeddah,ocon,OCO,Esteban,Ocon,haas,Haas F1 Team,19,14,0.0,Finished
2025_5,2025,5,Saudi Arabian Grand Prix,2025-04-20,jeddah,hulkenberg,HUL,Nico,Hülkenberg,sauber,Sauber,18,15,0.0,Lapped
2025_5,2025,5,Saudi Arabian Grand Prix,2025-04-20,jeddah,stroll,STR,Lance,Stroll,aston_martin,Aston Martin,16,16,0.0,Lapped
2025_5,2025,5,Saudi Arabian Grand Prix,2025-04-20,jeddah,doohan,DOO,Jack,Doohan,alpine,Alpine F1 Team,17,17,0.0,Lapped
2025_5,2025,5,Saudi Arabian Grand Prix,2025-04-20,jeddah,bortoleto,BOR,Gabriel,Bortoleto,sauber,Sauber,20,18,0.0,Lapped
2025_5,2025,5,Saudi Arabian Grand Prix,2025-04-20,jeddah,tsunoda,TSU,Yuki,Tsunoda,red_bull,Red Bull,8,19,0.0,Retired
2025_5,2025,5,Saudi Arabian Grand Prix,2025-04-20,jeddah,gasly,GAS,Pierre,Gasly,alpine,Alpine F1 Team,9,20,0.0,Retired
2025_6,2025,6,Miami Grand Prix,2025-05-04,miami,piastri,PIA,Oscar,Piastri,mclaren,McLaren,4,1,25.0,Finished
2025_6,2025,6,Miami Grand Prix,2025-05-04,miami,norris,NOR,Lando,Norris,mclaren,McLaren,2,2,18.0,Finished
2025_6,2025,6,Miami Grand Prix,2025-05-04,miami,russell,RUS,George,Russell,mercedes,Mercedes,5,3,15.0,Finished
2025_6,2025,6,Miami Grand Prix,2025-05-04,miami,max_verstappen,VER,Max,Verstappen,red_bull,Red Bull,1,4,12.0,Finished
2025_6,2025,6,Miami Grand Prix,2025-05-04,miami,albon,ALB,Alexander,Albon,williams,Williams,7,5,10.0,Finished
2025_6,2025,6,Miami Grand Prix,2025-05-04,miami,antonelli,ANT,Andrea Kimi,Antonelli,mercedes,Mercedes,3,6,8.0,Finished
2025_6,2025,6,Miami Grand Prix,2025-05-04,miami,leclerc,LEC,Charles,Leclerc,ferrari,Ferrari,8,7,6.0,Finished
2025_6,2025,6,Miami Grand Prix,2025-05-04,miami,hamilton,HAM,Lewis,Hamilton,ferrari,Ferrari,12,8,4.0,Finished
2025_6,2025,6,Miami Grand Prix,2025-05-04,miami,sainz,SAI,Carlos,Sainz,williams,Williams,6,9,2.0,Finished
2025_6,2025,6,Miami Grand Prix,2025-05-04,miami,tsunoda,TSU,Yuki,Tsunoda,red_bull,Red Bull,10,10,1.0,Finished
2025_6,2025,6,Miami Grand Prix,2025-05-04,miami,hadjar,HAD,Isack,Hadjar,rb,RB F1 Team,11,11,0.0,Finished
2025_6,2025,6,Miami Grand Prix,2025-05-04,miami,ocon,OCO,Esteban,Ocon,haas,Haas F1 Team,9,12,0.0,Finished
2025_6,2025,6,Miami Grand Prix,2025-05-04,miami,gasly,GAS,Pierre,Gasly,alpine,Alpine F1 Team,20,13,0.0,Finished
2025_6,2025,6,Miami Grand Prix,2025-05-04,miami,hulkenberg,HUL,Nico,Hülkenberg,sauber,Sauber,16,14,0.0,Lapped
2025_6,2025,6,Miami Grand Prix,2025-05-04,miami,alonso,ALO,Fernando,Alonso,aston_martin,Aston Martin,17,15,0.0,Lapped
2025_6,2025,6,Miami Grand Prix,2025-05-04,miami,stroll,STR,Lance,Stroll,aston_martin,Aston Martin,18,16,0.0,Lapped
2025_6,2025,6,Miami Grand Prix,2025-05-04,miami,lawson,LAW,Liam,Lawson,rb,RB F1 Team,15,17,0.0,Retired
2025_6,2025,6,Miami Grand Prix,2025-05-04,miami,bortoleto,BOR,Gabriel,Bortoleto,sauber,Sauber,13,18,0.0,Retired
2025_6,2025,6,Miami Grand Prix,2025-05-04,miami,bearman,BEA,Oliver,Bearman,haas,Haas F1 Team,19,19,0.0,Retired
2025_6,2025,6,Miami Grand Prix,2025-05-04,miami,doohan,DOO,Jack,Doohan,alpine,Alpine F1 Team,14,20,0.0,Retired
2025_7,2025,7,Emilia Romagna Grand Prix,2025-05-18,imola,max_verstappen,VER,Max,Verstappen,red_bull,Red Bull,2,1,25.0,Finished
2025_7,2025,7,Emilia Romagna Grand Prix,2025-05-18,imola,norris,NOR,Lando,Norris,mclaren,McLaren,4,2,18.0,Finished
2025_7,2025,7,Emilia Romagna Grand Prix,2025-05-18,imola,piastri,PIA,Oscar,Piastri,mclaren,McLaren,1,3,15.0,Finished
2025_7,2025,7,Emilia Romagna Grand Prix,2025-05-18,imola,hamilton,HAM,Lewis,Hamilton,ferrari,Ferrari,12,4,12.0,Finished
2025_7,2025,7,Emilia Romagna Grand Prix,2025-05-18,imola,albon,ALB,Alexander,Albon,williams,Williams,7,5,10.0,Finished
2025_7,2025,7,Emilia Romagna Grand Prix,2025-05-18,imola,leclerc,LEC,Charles,Leclerc,ferrari,Ferrari,11,6,8.0,Finished
2025_7,2025,7,Emilia Romagna Grand Prix,2025-05-18,imola,russell,RUS,George,Russell,mercedes,Mercedes,3,7,6.0,Finished
2025_7,2025,7,Emilia Romagna Grand Prix,2025-05-18,imola,sainz,SAI,Carlos,Sainz,williams,Williams,6,8,4.0,Finished
2025_7,2025,7,Emilia Romagna Grand Prix,2025-05-18,imola,hadjar,HAD,Isack,Hadjar,rb,RB F1 Team,9,9,2.0,Finished
2025_7,2025,7,Emilia Romagna Grand Prix,2025-05-18,imola,tsunoda,TSU,Yuki,Tsunoda,red_bull,Red Bull,20,10,1.0,Finished
2025_7,2025,7,Emilia Romagna Grand Prix,2025-05-18,imola,alonso,ALO,Fernando,Alonso,aston_martin,Aston Martin,5,11,0.0,Finished
2025_7,2025,7,Emilia Romagna Grand Prix,2025-05-18,imola,hulkenberg,HUL,Nico,Hülkenberg,sauber,Sauber,17,12,0.0,Finished
2025_7,2025,7,Emilia Romagna Grand Prix,2025-05-18,imola,gasly,GAS,Pierre,Gasly,alpine,Alpine F1 Team,10,13,0.0,Finished
2025_7,2025,7,Emilia Romagna Grand Prix,2025-05-18,imola,lawson,LAW,Liam,Lawson,rb,RB F1 Team,15,14,0.0,Finished
2025_7,2025,7,Emilia Romagna Grand Prix,2025-05-18,imola,stroll,STR,Lance,Stroll,aston_martin,Aston Martin,8,15,0.0,Finished
2025_7,2025,7,Emilia Romagna Grand Prix,2025-05-18,imola,colapinto,COL,Franco,Colapinto,alpine,Alpine F1 Team,16,16,0.0,Finished
2025_7,2025,7,Emilia Romagna Grand Prix,2025-05-18,imola,bearman,BEA,Oliver,Bearman,haas,Haas F1 Team,19,17,0.0,Finished
2025_7,2025,7,Emilia Romagna Grand Prix,2025-05-18,imola,bortoleto,BOR,Gabriel,Bortoleto,sauber,Sauber,14,18,0.0,Finished
2025_7,2025,7,Emilia Romagna Grand Prix,2025-05-18,imola,antonelli,ANT,Andrea Kimi,Antonelli,mercedes,Mercedes,13,19,0.0,Retired
2025_7,2025,7,Emilia Romagna Grand Prix,2025-05-18,imola,ocon,OCO,Esteban,Ocon,haas,Haas F1 Team,18,20,0.0,Retired
2025_8,2025,8,Monaco Grand Prix,2025-05-25,monaco,norris,NOR,Lando,Norris,mclaren,McLaren,1,1,25.0,Finished
2025_8,2025,8,Monaco Grand Prix,2025-05-25,monaco,leclerc,LEC,Charles,Leclerc,ferrari,Ferrari,2,2,18.0,Finished
2025_8,2025,8,Monaco Grand Prix,2025-05-25,monaco,piastri,PIA,Oscar,Piastri,mclaren,McLaren,3,3,15.0,Finished
2025_8,2025,8,Monaco Grand Prix,2025-05-25,monaco,max_verstappen,VER,Max,Verstappen,red_bull,Red Bull,4,4,12.0,Finished
2025_8,2025,8,Monaco Grand Prix,2025-05-25,monaco,hamilton,HAM,Lewis,Hamilton,ferrari,Ferrari,7,5,10.0,Finished
2025_8,2025,8,Monaco Grand Prix,2025-05-25,monaco,hadjar,HAD,Isack,Hadjar,rb,RB F1 Team,5,6,8.0,Lapped
2025_8,2025,8,Monaco Grand Prix,2025-05-25,monaco,ocon,OCO,Esteban,Ocon,haas,Haas F1 Team,8,7,6.0,Lapped
2025_8,2025,8,Monaco Grand Prix,2025-05-25,monaco,lawson,LAW,Liam,Lawson,rb,RB F1 Team,9,8,4.0,Lapped
2025_8,2025,8,Monaco Grand Prix,2025-05-25,monaco,albon,ALB,Alexander,Albon,williams,Williams,10,9,2.0,Lapped
2025_8,2025,8,Monaco Grand Prix,2025-05-25,monaco,sainz,SAI,Carlos,Sainz,williams,Williams,11,10,1.0,Lapped
2025_8,2025,8,Monaco Grand Prix,2025-05-25,monaco,russell,RUS,George,Russell,mercedes,Mercedes,14,11,0.0,Lapped
2025_8,2025,8,Monaco Grand Prix,2025-05-25,monaco,bearman,BEA,Oliver,Bearman,haas,Haas F1 Team,20,12,0.0,Lapped
2025_8,2025,8,Monaco Grand Prix,2025-05-25,monaco,colapinto,COL,Franco,Colapinto,alpine,Alpine F1 Team,18,13,0.0,Lapped
2025_8,2025,8,Monaco Grand Prix,2025-05-25,monaco,bortoleto,BOR,Gabriel,Bortoleto,sauber,Sauber,16,14,0.0,Lapped
2025_8,2025,8,Monaco Grand Prix,2025-05-25,monaco,stroll,STR,Lance,Stroll,aston_martin,Aston Martin,19,15,0.0,Lapped
2025_8,2025,8,Monaco Grand Prix,2025-05-25,monaco,hulkenberg,HUL,Nico,Hülkenberg,sauber,Sauber,13,16,0.0,Lapped
2025_8,2025,8,Monaco Grand Prix,2025-05-25,monaco,tsunoda,TSU,Yuki,Tsunoda,red_bull,Red Bull,12,17,0.0,Lapped
2025_8,2025,8,Monaco Grand Prix,2025-05-25,monaco,antonelli,ANT,Andrea Kimi,Antonelli,mercedes,Mercedes,15,18,0.0,Lapped
2025_8,2025,8,Monaco Grand Prix,2025-05-25,monaco,alonso,ALO,Fernando,Alonso,aston_martin,Aston Martin,6,19,0.0,Retired
2025_8,2025,8,Monaco Grand Prix,2025-05-25,monaco,gasly,GAS,Pierre,Gasly,alpine,Alpine F1 Team,17,20,0.0,Retired
2025_9,2025,9,Spanish Grand Prix,2025-06-01,catalunya,piastri,PIA,Oscar,Piastri,mclaren,McLaren,1,1,25.0,Finished
2025_9,2025,9,Spanish Grand Prix,2025-06-01,catalunya,norris,NOR,Lando,Norris,mclaren,McLaren,2,2,18.0,Finished
2025_9,2025,9,Spanish Grand Prix,2025-06-01,catalunya,leclerc,LEC,Charles,Leclerc,ferrari,Ferrari,7,3,15.0,Finished
2025_9,2025,9,Spanish Grand Prix,2025-06-01,catalunya,russell,RUS,George,Russell,mercedes,Mercedes,4,4,12.0,Finished
2025_9,2025,9,Spanish Grand Prix,2025-06-01,catalunya,hulkenberg,HUL,Nico,Hülkenberg,sauber,Sauber,15,5,10.0,Finished
2025_9,2025,9,Spanish Grand Prix,2025-06-01,catalunya,hamilton,HAM,Lewis,Hamilton,ferrari,Ferrari,5,6,8.0,Finished
2025_9,2025,9,Spanish Grand Prix,2025-06-01,catalunya,hadjar,HAD,Isack,Hadjar,rb,RB F1 Team,9,7,6.0,Finished
2025_9,2025,9,Spanish Grand Prix,2025-06-01,catalunya,gasly,GAS,Pierre,Gasly,alpine,Alpine F1 Team,8,8,4.0,Finished
2025_9,2025,9,Spanish Grand Prix,2025-06-01,catalunya,alonso,ALO,Fernando,Alonso,aston_martin,Aston Martin,10,9,2.0,Finished
2025_9,2025,9,Spanish Grand Prix,2025-06-01,catalunya,max_verstappen,VER,Max,Verstappen,red_bull,Red Bull,3,10,1.0,Finished
2025_9,2025,9,Spanish Grand Prix,2025-06-01,catalunya,lawson,LAW,Liam,Lawson,rb,RB F1 Team,13,11,0.0,Finished
2025_9,2025,9,Spanish Grand Prix,2025-06-01,catalunya,bortoleto,BOR,Gabriel,Bortoleto,sauber,Sauber,12,12,0.0,Finished
2025_9,2025,9,Spanish Grand Prix,2025-06-01,catalunya,tsunoda,TSU,Yuki,Tsunoda,red_bull,Red Bull,19,13,0.0,Finished
2025_9,2025,9,Spanish Grand Prix,2025-06-01,catalunya,sainz,SAI,Carlos,Sainz,williams,Williams,17,14,0.0,Finished
2025_9,2025,9,Spanish Grand Prix,2025-06-01,catalunya,colapinto,COL,Franco,Colapinto,alpine,Alpine F1 Team,18,15,0.0,Finished
2025_9,2025,9,Spanish Grand Prix,2025-06-01,catalunya,ocon,OCO,Esteban,Ocon,haas,Haas F1 Team,16,16,0.0,Finished
2025_9,2025,9,Spanish Grand Prix,2025-06-01,catalunya,bearman,BEA,Oliver,Bearman,haas,Haas F1 Team,14,17,0.0,Finished
2025_9,2025,9,Spanish Grand Prix,2025-06-01,catalunya,antonelli,ANT,Andrea Kimi,Antonelli,mercedes,Mercedes,6,18,0.0,Retired
2025_9,2025,9,Spanish Grand Prix,2025-06-01,catalunya,albon,ALB,Alexander,Albon,williams,Williams,11,19,0.0,Retired
2025_10,2025,10,Canadian Grand Prix,2025-06-15,villeneuve,russell,RUS,George,Russell,mercedes,Mercedes,1,1,25.0,Finished
2025_10,2025,10,Canadian Grand Prix,2025-06-15,villeneuve,max_verstappen,VER,Max,Verstappen,red_bull,Red Bull,2,2,18.0,Finished
2025_10,2025,10,Canadian Grand Prix,2025-06-15,villeneuve,antonelli,ANT,Andrea Kimi,Antonelli,mercedes,Mercedes,4,3,15.0,Finished
2025_10,2025,10,Canadian Grand Prix,2025-06-15,villeneuve,piastri,PIA,Oscar,Piastri,mclaren,McLaren,3,4,12.0,Finished
2025_10,2025,10,Canadian Grand Prix,2025-06-15,villeneuve,leclerc,LEC,Charles,Leclerc,ferrari,Ferrari,8,5,10.0,Finished
2025_10,2025,10,Canadian Grand Prix,2025-06-15,villeneuve,hamilton,HAM,Lewis,Hamilton,ferrari,Ferrari,5,6,8.0,Finished
2025_10,2025,10,Canadian Grand Prix,2025-06-15,villeneuve,alonso,ALO,Fernando,Alonso,aston_martin,Aston Martin,6,7,6.0,Finished
2025_10,2025,10,Canadian Grand Prix,2025-06-15,villeneuve,hulkenberg,HUL,Nico,Hülkenberg,sauber,Sauber,11,8,4.0,Finished
2025_10,2025,10,Canadian Grand Prix,2025-06-15,villeneuve,ocon,OCO,Esteban,Ocon,haas,Haas F1 Team,14,9,2.0,Lapped
2025_10,2025,10,Canadian Grand Prix,2025-06-15,villeneuve,sainz,SAI,Carlos,Sainz,williams,Williams,16,10,1.0,Lapped
2025_10,2025,10,Canadian Grand Prix,2025-06-15,villeneuve,bearman,BEA,Oliver,Bearman,haas,Haas F1 Team,13,11,0.0,Lapped
2025_10,2025,10,Canadian Grand Prix,2025-06-15,villeneuve,tsunoda,TSU,Yuki,Tsunoda,red_bull,Red Bull,18,12,0.0,Lapped
2025_10,2025,10,Canadian Grand Prix,2025-06-15,villeneuve,colapinto,COL,Franco,Colapinto,alpine,Alpine F1 Team,10,13,0.0,Lapped
2025_10,2025,10,Canadian Grand Prix,2025-06-15,villeneuve,bortoleto,BOR,Gabriel,Bortoleto,sauber,Sauber,15,14,0.0,Lapped
2025_10,2025,10,Canadian Grand Prix,2025-06-15,villeneuve,gasly,GAS,Pierre,Gasly,alpine,Alpine F1 Team,20,15,0.0,Lapped
2025_10,2025,10,Canadian Grand Prix,2025-06-15,villeneuve,hadjar,HAD,Isack,Hadjar,rb,RB F1 Team,12,16,0.0,Lapped
2025_10,2025,10,Canadian Grand Prix,2025-06-15,villeneuve,stroll,STR,Lance,Stroll,aston_martin,Aston Martin,17,17,0.0,Lapped
2025_10,2025,10,Canadian Grand Prix,2025-06-15,villeneuve,norris,NOR,Lando,Norris,mclaren,McLaren,7,18,0.0,Retired
2025_10,2025,10,Canadian Grand Prix,2025-06-15,villeneuve,lawson,LAW,Liam,Lawson,rb,RB F1 Team,19,19,0.0,Retired
2025_10,2025,10,Canadian Grand Prix,2025-06-15,villeneuve,albon,ALB,Alexander,Albon,williams,Williams,9,20,0.0,Retired
2025_11,2025,11,Austrian Grand Prix,2025-06-29,red_bull_ring,norris,NOR,Lando,Norris,mclaren,McLaren,1,1,25.0,Finished
2025_11,2025,11,Austrian Grand Prix,2025-06-29,red_bull_ring,piastri,PIA,Oscar,Piastri,mclaren,McLaren,3,2,18.0,Finished
2025_11,2025,11,Austrian Grand Prix,2025-06-29,red_bull_ring,leclerc,LEC,Charles,Leclerc,ferrari,Ferrari,2,3,15.0,Finished
2025_11,2025,11,Austrian Grand Prix,2025-06-29,red_bull_ring,hamilton,HAM,Lewis,Hamilton,ferrari,Ferrari,4,4,12.0,Finished
2025_11,2025,11,Austrian Grand Prix,2025-06-29,red_bull_ring,russell,RUS,George,Russell,mercedes,Mercedes,5,5,10.0,Finished
2025_11,2025,11,Austrian Grand Prix,2025-06-29,red_bull_ring,lawson,LAW,Liam,Lawson,rb,RB F1 Team,6,6,8.0,Finished
2025_11,2025,11,Austrian Grand Prix,2025-06-29,red_bull_ring,alonso,ALO,Fernando,Alonso,aston_martin,Aston Martin,11,7,6.0,Lapped
2025_11,2025,11,Austrian Grand Prix,2025-06-29,red_bull_ring,bortoleto,BOR,Gabriel,Bortoleto,sauber,Sauber,8,8,4.0,Lapped
2025_11,2025,11,Austrian Grand Prix,2025-06-29,red_bull_ring,hulkenberg,HUL,Nico,Hülkenberg,sauber,Sauber,20,9,2.0,Lapped
2025_11,2025,11,Austrian Grand Prix,2025-06-29,red_bull_ring,ocon,OCO,Esteban,Ocon,haas,Haas F1 Team,17,10,1.0,Lapped
2025_11,2025,11,Austrian Grand Prix,2025-06-29,red_bull_ring,bearman,BEA,Oliver,Bearman,haas,Haas F1 Team,15,11,0.0,Lapped
2025_11,2025,11,Austrian Grand Prix,2025-06-29,red_bull_ring,hadjar,HAD,Isack,Hadjar,rb,RB F1 Team,13,12,0.0,Lapped
2025_11,2025,11,Austrian Grand Prix,2025-06-29,red_bull_ring,gasly,GAS,Pierre,Gasly,alpine,Alpine F1 Team,10,13,0.0,Lapped
2025_11,2025,11,Austrian Grand Prix,2025-06-29,red_bull_ring,stroll,STR,Lance,Stroll,aston_martin,Aston Martin,16,14,0.0,Lapped
2025_11,2025,11,Austrian Grand Prix,2025-06-29,red_bull_ring,colapinto,COL,Franco,Colapinto,alpine,Alpine F1 Team,14,15,0.0,Lapped
2025_11,2025,11,Austrian Grand Prix,2025-06-29,red_bull_ring,tsunoda,TSU,Yuki,Tsunoda,red_bull,Red Bull,18,16,0.0,Lapped
2025_11,2025,11,Austrian Grand Prix,2025-06-29,red_bull_ring,albon,ALB,Alexander,Albon,williams,Williams,12,17,0.0,Retired
2025_11,2025,11,Austrian Grand Prix,2025-06-29,red_bull_ring,max_verstappen,VER,Max,Verstappen,red_bull,Red Bull,7,18,0.0,Retired
2025_11,2025,11,Austrian Grand Prix,2025-06-29,red_bull_ring,antonelli,ANT,Andrea Kimi,Antonelli,mercedes,Mercedes,9,19,0.0,Retired
2025_11,2025,11,Austrian Grand Prix,2025-06-29,red_bull_ring,sainz,SAI,Carlos,Sainz,williams,Williams,19,20,0.0,Did not start
2025_12,2025,12,British Grand Prix,2025-07-06,silverstone,norris,NOR,Lando,Norris,mclaren,McLaren,3,1,25.0,Finished
2025_12,2025,12,British Grand Prix,2025-07-06,silverstone,piastri,PIA,Oscar,Piastri,mclaren,McLaren,2,2,18.0,Finished
2025_12,2025,12,British Grand Prix,2025-07-06,silverstone,hulkenberg,HUL,Nico,Hülkenberg,sauber,Sauber,19,3,15.0,Finished
2025_12,2025,12,British Grand Prix,2025-07-06,silverstone,hamilton,HAM,Lewis,Hamilton,ferrari,Ferrari,5,4,12.0,Finished
2025_12,2025,12,British Grand Prix,2025-07-06,silverstone,max_verstappen,VER,Max,Verstappen,red_bull,Red Bull,1,5,10.0,Finished
2025_12,2025,12,British Grand Prix,2025-07-06,silverstone,gasly,GAS,Pierre,Gasly,alpine,Alpine F1 Team,8,6,8.0,Finished
2025_12,2025,12,British Grand Prix,2025-07-06,silverstone,stroll,STR,Lance,Stroll,aston_martin,Aston Martin,17,7,6.0,Finished
2025_12,2025,12,British Grand Prix,2025-07-06,silverstone,albon,ALB,Alexander,Albon,williams,Williams,13,8,4.0,Finished
2025_12,2025,12,British Grand Prix,2025-07-06,silverstone,alonso,ALO,Fernando,Alonso,aston_martin,Aston Martin,7,9,2.0,Finished
2025_12,2025,12,British Grand Prix,2025-07-06,silverstone,russell,RUS,George,Russell,mercedes,Mercedes,4,10,1.0,Finished
2025_12,2025,12,British Grand Prix,2025-07-06,silverstone,bearman,BEA,Oliver,Bearman,haas,Haas F1 Team,18,11,0.0,Finished
2025_12,2025,12,British Grand Prix,2025-07-06,silverstone,sainz,SAI,Carlos,Sainz,williams,Williams,9,12,0.0,Finished
2025_12,2025,12,British Grand Prix,2025-07-06,silverstone,ocon,OCO,Esteban,Ocon,haas,Haas F1 Team,14,13,0.0,Finished
2025_12,2025,12,British Grand Prix,2025-07-06,silverstone,leclerc,LEC,Charles,Leclerc,ferrari,Ferrari,6,14,0.0,Finished
2025_12,2025,12,British Grand Prix,2025-07-06,silverstone,tsunoda,TSU,Yuki,Tsunoda,red_bull,Red Bull,11,15,0.0,Lapped
2025_12,2025,12,British Grand Prix,2025-07-06,silverstone,antonelli,ANT,Andrea Kimi,Antonelli,mercedes,Mercedes,10,16,0.0,Retired
2025_12,2025,12,British Grand Prix,2025-07-06,silverstone,hadjar,HAD,Isack,Hadjar,rb,RB F1 Team,12,17,0.0,Retired
2025_12,2025,12,British Grand Prix,2025-07-06,silverstone,bortoleto,BOR,Gabriel,Bortoleto,sauber,Sauber,16,18,0.0,Retired
2025_12,2025,12,British Grand Prix,2025-07-06,silverstone,lawson,LAW,Liam,Lawson,rb,RB F1 Team,15,19,0.0,Retired
2025_12,2025,12,British Grand Prix,2025-07-06,silverstone,colapinto,COL,Franco,Colapinto,alpine,Alpine F1 Team,20,20,0.0,Did not start
2025_13,2025,13,Belgian Grand Prix,2025-07-27,spa,piastri,PIA,Oscar,Piastri,mclaren,McLaren,2,1,25.0,Finished
2025_13,2025,13,Belgian Grand Prix,2025-07-27,spa,norris,NOR,Lando,Norris,mclaren,McLaren,1,2,18.0,Finished
2025_13,2025,13,Belgian Grand Prix,2025-07-27,spa,leclerc,LEC,Charles,Leclerc,ferrari,Ferrari,3,3,15.0,Finished
2025_13,2025,13,Belgian Grand Prix,2025-07-27,spa,max_verstappen,VER,Max,Verstappen,red_bull,Red Bull,4,4,12.0,Finished
2025_13,2025,13,Belgian Grand Prix,2025-07-27,spa,russell,RUS,George,Russell,mercedes,Mercedes,6,5,10.0,Finished
2025_13,2025,13,Belgian Grand Prix,2025-07-27,spa,albon,ALB,Alexander,Albon,williams,Williams,5,6,8.0,Finished
2025_13,2025,13,Belgian Grand Prix,2025-07-27,spa,hamilton,HAM,Lewis,Hamilton,ferrari,Ferrari,18,7,6.0,Finished
2025_13,2025,13,Belgian Grand Prix,2025-07-27,spa,lawson,LAW,Liam,Lawson,rb,RB F1 Team,9,8,4.0,Finished
2025_13,2025,13,Belgian Grand Prix,2025-07-27,spa,bortoleto,BOR,Gabriel,Bortoleto,sauber,Sauber,10,9,2.0,Finished
2025_13,2025,13,Belgian Grand Prix,2025-07-27,spa,gasly,GAS,Pierre,Gasly,alpine,Alpine F1 Team,13,10,1.0,Finished
2025_13,2025,13,Belgian Grand Prix,2025-07-27,spa,bearman,BEA,Oliver,Bearman,haas,Haas F1 Team,12,11,0.0,Finished
2025_13,2025,13,Belgian Grand Prix,2025-07-27,spa,hulkenberg,HUL,Nico,Hülkenberg,sauber,Sauber,14,12,0.0,Finished
2025_13,2025,13,Belgian Grand Prix,2025-07-27,spa,tsunoda,TSU,Yuki,Tsunoda,red_bull,Red Bull,7,13,0.0,Finished
2025_13,2025,13,Belgian Grand Prix,2025-07-27,spa,stroll,STR,Lance,Stroll,aston_martin,Aston Martin,16,14,0.0,Finished
2025_13,2025,13,Belgian Grand Prix,2025-07-27,spa,ocon,OCO,Esteban,Ocon,haas,Haas F1 Team,11,15,0.0,Finished
2025_13,2025,13,Belgian Grand Prix,2025-07-27,spa,antonelli,ANT,Andrea Kimi,Antonelli,mercedes,Mercedes,19,16,0.0,Finished
2025_13,2025,13,Belgian Grand Prix,2025-07-27,spa,alonso,ALO,Fernando,Alonso,aston_martin,Aston Martin,20,17,0.0,Finished
2025_13,2025,13,Belgian Grand Prix,2025-07-27,spa,sainz,SAI,Carlos,Sainz,williams,Williams,17,18,0.0,Finished
2025_13,2025,13,Belgian Grand Prix,2025-07-27,spa,colapinto,COL,Franco,Colapinto,alpine,Alpine F1 Team,15,19,0.0,Finished
2025_13,2025,13,Belgian Grand Prix,2025-07-27,spa,hadjar,HAD,Isack,Hadjar,rb,RB F1 Team,8,20,0.0,Lapped
2025_14,2025,14,Hungarian Grand Prix,2025-08-03,hungaroring,norris,NOR,Lando,Norris,mclaren,McLaren,3,1,25.0,Finished
2025_14,2025,14,Hungarian Grand Prix,2025-08-03,hungaroring,piastri,PIA,Oscar,Piastri,mclaren,McLaren,2,2,18.0,Finished
2025_14,2025,14,Hungarian Grand Prix,2025-08-03,hungaroring,russell,RUS,George,Russell,mercedes,Mercedes,4,3,15.0,Finished
2025_14,2025,14,Hungarian Grand Prix,2025-08-03,hungaroring,leclerc,LEC,Charles,Leclerc,ferrari,Ferrari,1,4,12.0,Finished
2025_14,2025,14,Hungarian Grand Prix,2025-08-03,hungaroring,alonso,ALO,Fernando,Alonso,aston_martin,Aston Martin,5,5,10.0,Finished
2025_14,2025,14,Hungarian Grand Prix,2025-08-03,hungaroring,bortoleto,BOR,Gabriel,Bortoleto,sauber,Sauber,7,6,8.0,Finished
2025_14,2025,14,Hungarian Grand Prix,2025-08-03,hungaroring,stroll,STR,Lance,Stroll,aston_martin,Aston Martin,6,7,6.0,Finished
2025_14,2025,14,Hungarian Grand Prix,2025-08-03,hungaroring,lawson,LAW,Liam,Lawson,rb,RB F1 Team,9,8,4.0,Finished
2025_14,2025,14,Hungarian Grand Prix,2025-08-03,hungaroring,max_verstappen,VER,Max,Verstappen,red_bull,Red Bull,8,9,2.0,Finished
2025_14,2025,14,Hungarian Grand Prix,2025-08-03,hungaroring,antonelli,ANT,Andrea Kimi,Antonelli,mercedes,Mercedes,15,10,1.0,Lapped
2025_14,2025,14,Hungarian Grand Prix,2025-08-03,hungaroring,hadjar,HAD,Isack,Hadjar,rb,RB F1 Team,10,11,0.0,Lapped
2025_14,2025,14,Hungarian Grand Prix,2025-08-03,hungaroring,hamilton,HAM,Lewis,Hamilton,ferrari,Ferrari,12,12,0.0,Lapped
2025_14,2025,14,Hungarian Grand Prix,2025-08-03,hungaroring,hulkenberg,HUL,Nico,Hülkenberg,sauber,Sauber,18,13,0.0,Lapped
2025_14,2025,14,Hungarian Grand Prix,2025-08-03,hungaroring,sainz,SAI,Carlos,Sainz,williams,Williams,13,14,0.0,Lapped
2025_14,2025,14,Hungarian Grand Prix,2025-08-03,hungaroring,albon,ALB,Alexander,Albon,williams,Williams,19,15,0.0,Lapped
2025_14,2025,14,Hungarian Grand Prix,2025-08-03,hungaroring,ocon,OCO,Esteban,Ocon,haas,Haas F1 Team,17,16,0.0,Lapped
2025_14,2025,14,Hungarian Grand Prix,2025-08-03,hungaroring,tsunoda,TSU,Yuki,Tsunoda,red_bull,Red Bull,20,17,0.0,Lapped
2025_14,2025,14,Hungarian Grand Prix,2025-08-03,hungaroring,colapinto,COL,Franco,Colapinto,alpine,Alpine F1 Team,14,18,0.0,Lapped
2025_14,2025,14,Hungarian Grand Prix,2025-08-03,hungaroring,gasly,GAS,Pierre,Gasly,alpine,Alpine F1 Team,16,19,0.0,Lapped
2025_14,2025,14,Hungarian Grand Prix,2025-08-03,hungaroring,bearman,BEA,Oliver,Bearman,haas,Haas F1 Team,11,20,0.0,Retired
2025_15,2025,15,Dutch Grand Prix,2025-08-31,zandvoort,piastri,PIA,Oscar,Piastri,mclaren,McLaren,1,1,25.0,Finished
2025_15,2025,15,Dutch Grand Prix,2025-08-31,zandvoort,max_verstappen,VER,Max,Verstappen,red_bull,Red Bull,3,2,18.0,Finished
2025_15,2025,15,Dutch Grand Prix,2025-08-31,zandvoort,hadjar,HAD,Isack,Hadjar,rb,RB F1 Team,4,3,15.0,Finished
2025_15,2025,15,Dutch Grand Prix,2025-08-31,zandvoort,russell,RUS,George,Russell,mercedes,Mercedes,5,4,12.0,Finished
2025_15,2025,15,Dutch Grand Prix,2025-08-31,zandvoort,albon,ALB,Alexander,Albon,williams,Williams,15,5,10.0,Finished
2025_15,2025,15,Dutch Grand Prix,2025-08-31,zandvoort,bearman,BEA,Oliver,Bearman,haas,Haas F1 Team,20,6,8.0,Finished
2025_15,2025,15,Dutch Grand Prix,2025-08-31,zandvoort,stroll,STR,Lance,Stroll,aston_martin,Aston Martin,19,7,6.0,Finished
2025_15,2025,15,Dutch Grand Prix,2025-08-31,zandvoort,alonso,ALO,Fernando,Alonso,aston_martin,Aston Martin,10,8,4.0,Finished
2025_15,2025,15,Dutch Grand Prix,2025-08-31,zandvoort,tsunoda,TSU,Yuki,Tsunoda,red_bull,Red Bull,12,9,2.0,Finished
2025_15,2025,15,Dutch Grand Prix,2025-08-31,zandvoort,ocon,OCO,Esteban,Ocon,haas,Haas F1 Team,18,10,1.0,Finished
2025_15,2025,15,Dutch Grand Prix,2025-08-31,zandvoort,colapinto,COL,Franco,Colapinto,alpine,Alpine F1 Team,16,11,0.0,Finished
2025_15,2025,15,Dutch Grand Prix,2025-08-31,zandvoort,lawson,LAW,Liam,Lawson,rb,RB F1 Team,8,12,0.0,Finished
2025_15,2025,15,Dutch Grand Prix,2025-08-31,zandvoort,sainz,SAI,Carlos,Sainz,williams,Williams,9,13,0.0,Finished
2025_15,2025,15,Dutch Grand Prix,2025-08-31,zandvoort,hulkenberg,HUL,Nico,Hülkenberg,sauber,Sauber,17,14,0.0,Finished
2025_15,2025,15,Dutch Grand Prix,2025-08-31,zandvoort,bortoleto,BOR,Gabriel,Bortoleto,sauber,Sauber,13,15,0.0,Finished
2025_15,2025,15,Dutch Grand Prix,2025-08-31,zandvoort,antonelli,ANT,Andrea Kimi,Antonelli,mercedes,Mercedes,11,16,0.0,Finished
2025_15,2025,15,Dutch Grand Prix,2025-08-31,zandvoort,gasly,GAS,Pierre,Gasly,alpine,Alpine F1 Team,14,17,0.0,Finished
2025_15,2025,15,Dutch Grand Prix,2025-08-31,zandvoort,norris,NOR,Lando,Norris,mclaren,McLaren,2,18,0.0,Retired
2025_15,2025,15,Dutch Grand Prix,2025-08-31,zandvoort,leclerc,LEC,Charles,Leclerc,ferrari,Ferrari,6,19,0.0,Retired
2025_15,2025,15,Dutch Grand Prix,2025-08-31,zandvoort,hamilton,HAM,Lewis,Hamilton,ferrari,Ferrari,7,20,0.0,Retired
2025_16,2025,16,Italian Grand Prix,2025-09-07,monza,max_verstappen,VER,Max,Verstappen,red_bull,Red Bull,1,1,25.0,Finished
2025_16,2025,16,Italian Grand Prix,2025-09-07,monza,norris,NOR,Lando,Norris,mclaren,McLaren,2,2,18.0,Finished
2025_16,2025,16,Italian Grand Prix,2025-09-07,monza,piastri,PIA,Oscar,Piastri,mclaren,McLaren,3,3,15.0,Finished
2025_16,2025,16,Italian Grand Prix,2025-09-07,monza,leclerc,LEC,Charles,Leclerc,ferrari,Ferrari,4,4,12.0,Finished
2025_16,2025,16,Italian Grand Prix,2025-09-07,monza,russell,RUS,George,Russell,mercedes,Mercedes,5,5,10.0,Finished
2025_16,2025,16,Italian Grand Prix,2025-09-07,monza,hamilton,HAM,Lewis,Hamilton,ferrari,Ferrari,10,6,8.0,Finished
2025_16,2025,16,Italian Grand Prix,2025-09-07,monza,albon,ALB,Alexander,Albon,williams,Williams,14,7,6.0,Finished
2025_16,2025,16,Italian Grand Prix,2025-09-07,monza,bortoleto,BOR,Gabriel,Bortoleto,sauber,Sauber,7,8,4.0,Finished
2025_16,2025,16,Italian Grand Prix,2025-09-07,monza,antonelli,ANT,Andrea Kimi,Antonelli,mercedes,Mercedes,6,9,2.0,Finished
2025_16,2025,16,Italian Grand Prix,2025-09-07,monza,hadjar,HAD,Isack,Hadjar,rb,RB F1 Team,19,10,1.0,Finished
2025_16,2025,16,Italian Grand Prix,2025-09-07,monza,sainz,SAI,Carlos,Sainz,williams,Williams,13,11,0.0,Finished
2025_16,2025,16,Italian Grand Prix,2025-09-07,monza,bearman,BEA,Oliver,Bearman,haas,Haas F1 Team,11,12,0.0,Finished
2025_16,2025,16,Italian Grand Prix,2025-09-07,monza,tsunoda,TSU,Yuki,Tsunoda,red_bull,Red Bull,9,13,0.0,Finished
2025_16,2025,16,Italian Grand Prix,2025-09-07,monza,lawson,LAW,Liam,Lawson,rb,RB F1 Team,18,14,0.0,Finished
2025_16,2025,16,Italian Grand Prix,2025-09-07,monza,ocon,OCO,Esteban,Ocon,haas,Haas F1 Team,15,15,0.0,Lapped
2025_16,2025,16,Italian Grand Prix,2025-09-07,monza,gasly,GAS,Pierre,Gasly,alpine,Alpine F1 Team,20,16,0.0,Lapped
2025_16,2025,16,Italian Grand Prix,2025-09-07,monza,colapinto,COL,Franco,Colapinto,alpine,Alpine F1 Team,17,17,0.0,Lapped
2025_16,2025,16,Italian Grand Prix,2025-09-07,monza,stroll,STR,Lance,Stroll,aston_martin,Aston Martin,16,18,0.0,Lapped
2025_16,2025,16,Italian Grand Prix,2025-09-07,monza,alonso,ALO,Fernando,Alonso,aston_martin,Aston Martin,8,19,0.0,Retired
2025_16,2025,16,Italian Grand Prix,2025-09-07,monza,hulkenberg,HUL,Nico,Hülkenberg,sauber,Sauber,12,20,0.0,Did not start
2025_17,2025,17,Azerbaijan Grand Prix,2025-09-21,baku,max_verstappen,VER,Max,Verstappen,red_bull,Red Bull,1,1,25.0,Finished
2025_17,2025,17,Azerbaijan Grand Prix,2025-09-21,baku,russell,RUS,George,Russell,mercedes,Mercedes,5,2,18.0,Finished
2025_17,2025,17,Azerbaijan Grand Prix,2025-09-21,baku,sainz,SAI,Carlos,Sainz,williams,Williams,2,3,15.0,Finished
2025_17,2025,17,Azerbaijan Grand Prix,2025-09-21,baku,antonelli,ANT,Andrea Kimi,Antonelli,mercedes,Mercedes,4,4,12.0,Finished
2025_17,2025,17,Azerbaijan Grand Prix,2025-09-21,baku,lawson,LAW,Liam,Lawson,rb,RB F1 Team,3,5,10.0,Finished
2025_17,2025,17,Azerbaijan Grand Prix,2025-09-21,baku,tsunoda,TSU,Yuki,Tsunoda,red_bull,Red Bull,6,6,8.0,Finished
2025_17,2025,17,Azerbaijan Grand Prix,2025-09-21,baku,norris,NOR,Lando,Norris,mclaren,McLaren,7,7,6.0,Finished
2025_17,2025,17,Azerbaijan Grand Prix,2025-09-21,baku,hamilton,HAM,Lewis,Hamilton,ferrari,Ferrari,12,8,4.0,Finished
2025_17,2025,17,Azerbaijan Grand Prix,2025-09-21,baku,leclerc,LEC,Charles,Leclerc,ferrari,Ferrari,10,9,2.0,Finished
2025_17,2025,17,Azerbaijan Grand Prix,2025-09-21,baku,hadjar,HAD,Isack,Hadjar,rb,RB F1 Team,8,10,1.0,Finished
2025_17,2025,17,Azerbaijan Grand Prix,2025-09-21,baku,bortoleto,BOR,Gabriel,Bortoleto,sauber,Sauber,13,11,0.0,Finished
2025_17,2025,17,Azerbaijan Grand Prix,2025-09-21,baku,bearman,BEA,Oliver,Bearman,haas,Haas F1 Team,15,12,0.0,Finished
2025_17,2025,17,Azerbaijan Grand Prix,2025-09-21,baku,albon,ALB,Alexander,Albon,williams,Williams,19,13,0.0,Finished
2025_17,2025,17,Azerbaijan Grand Prix,2025-09-21,baku,ocon,OCO,Esteban,Ocon,haas,Haas F1 Team,20,14,0.0,Finished
2025_17,2025,17,Azerbaijan Grand Prix,2025-09-21,baku,alonso,ALO,Fernando,Alonso,aston_martin,Aston Martin,11,15,0.0,Finished
2025_17,2025,17,Azerbaijan Grand Prix,2025-09-21,baku,hulkenberg,HUL,Nico,Hülkenberg,sauber,Sauber,17,16,0.0,Finished
2025_17,2025,17,Azerbaijan Grand Prix,2025-09-21,baku,stroll,STR,Lance,Stroll,aston_martin,Aston Martin,14,17,0.0,Finished
2025_17,2025,17,Azerbaijan Grand Prix,2025-09-21,baku,gasly,GAS,Pierre,Gasly,alpine,Alpine F1 Team,18,18,0.0,Lapped
2025_17,2025,17,Azerbaijan Grand Prix,2025-09-21,baku,colapinto,COL,Franco,Colapinto,alpine,Alpine F1 Team,16,19,0.0,Lapped
2025_17,2025,17,Azerbaijan Grand Prix,2025-09-21,baku,piastri,PIA,Oscar,Piastri,mclaren,McLaren,9,20,0.0,Retired
2025_18,2025,18,Singapore Grand Prix,2025-10-05,marina_bay,russell,RUS,George,Russell,mercedes,Mercedes,1,1,25.0,Finished
2025_18,2025,18,Singapore Grand Prix,2025-10-05,marina_bay,max_verstappen,VER,Max,Verstappen,red_bull,Red Bull,2,2,18.0,Finished
2025_18,2025,18,Singapore Grand Prix,2025-10-05,marina_bay,norris,NOR,Lando,Norris,mclaren,McLaren,5,3,15.0,Finished
2025_18,2025,18,Singapore Grand Prix,2025-10-05,marina_bay,piastri,PIA,Oscar,Piastri,mclaren,McLaren,3,4,12.0,Finished
2025_18,2025,18,Singapore Grand Prix,2025-10-05,marina_bay,antonelli,ANT,Andrea Kimi,Antonelli,mercedes,Mercedes,4,5,10.0,Finished
2025_18,2025,18,Singapore Grand Prix,2025-10-05,marina_bay,leclerc,LEC,Charles,Leclerc,ferrari,Ferrari,7,6,8.0,Finished
2025_18,2025,18,Singapore Grand Prix,2025-10-05,marina_bay,alonso,ALO,Fernando,Alonso,aston_martin,Aston Martin,10,7,6.0,Finished
2025_18,2025,18,Singapore Grand Prix,2025-10-05,marina_bay,hamilton,HAM,Lewis,Hamilton,ferrari,Ferrari,6,8,4.0,Finished
2025_18,2025,18,Singapore Grand Prix,2025-10-05,marina_bay,bearman,BEA,Oliver,Bearman,haas,Haas F1 Team,9,9,2.0,Finished
2025_18,2025,18,Singapore Grand Prix,2025-10-05,marina_bay,sainz,SAI,Carlos,Sainz,williams,Williams,18,10,1.0,Lapped
2025_18,2025,18,Singapore Grand Prix,2025-10-05,marina_bay,hadjar,HAD,Isack,Hadjar,rb,RB F1 Team,8,11,0.0,Lapped
2025_18,2025,18,Singapore Grand Prix,2025-10-05,marina_bay,tsunoda,TSU,Yuki,Tsunoda,red_bull,Red Bull,13,12,0.0,Lapped
2025_18,2025,18,Singapore Grand Prix,2025-10-05,marina_bay,stroll,STR,Lance,Stroll,aston_martin,Aston Martin,15,13,0.0,Lapped
2025_18,2025,18,Singapore Grand Prix,2025-10-05,marina_bay,albon,ALB,Alexander,Albon,williams,Williams,20,14,0.0,Lapped
2025_18,2025,18,Singapore Grand Prix,2025-10-05,marina_bay,lawson,LAW,Liam,Lawson,rb,RB F1 Team,12,15,0.0,Lapped
2025_18,2025,18,Singapore Grand Prix,2025-10-05,marina_bay,colapinto,COL,Franco,Colapinto,alpine,Alpine F1 Team,16,16,0.0,Lapped
2025_18,2025,18,Singapore Grand Prix,2025-10-05,marina_bay,bortoleto,BOR,Gabriel,Bortoleto,sauber,Sauber,14,17,0.0,Lapped
2025_18,2025,18,Singapore Grand Prix,2025-10-05,marina_bay,ocon,OCO,Esteban,Ocon,haas,Haas F1 Team,17,18,0.0,Lapped
2025_18,2025,18,Singapore Grand Prix,2025-10-05,marina_bay,gasly,GAS,Pierre,Gasly,alpine,Alpine F1 Team,19,19,0.0,Lapped
2025_18,2025,18,Singapore Grand Prix,2025-10-05,marina_bay,hulkenberg,HUL,Nico,Hülkenberg,sauber,Sauber,11,20,0.0,Lapped
2025_19,2025,19,United States Grand Prix,2025-10-19,americas,max_verstappen,VER,Max,Verstappen,red_bull,Red Bull,1,1,25.0,Finished
2025_19,2025,19,United States Grand Prix,2025-10-19,americas,norris,NOR,Lando,Norris,mclaren,McLaren,2,2,18.0,Finished
2025_19,2025,19,United States Grand Prix,2025-10-19,americas,leclerc,LEC,Charles,Leclerc,ferrari,Ferrari,3,3,15.0,Finished
2025_19,2025,19,United States Grand Prix,2025-10-19,americas,hamilton,HAM,Lewis,Hamilton,ferrari,Ferrari,5,4,12.0,Finished
2025_19,2025,19,United States Grand Prix,2025-10-19,americas,piastri,PIA,Oscar,Piastri,mclaren,McLaren,6,5,10.0,Finished
2025_19,2025,19,United States Grand Prix,2025-10-19,americas,russell,RUS,George,Russell,mercedes,Mercedes,4,6,8.0,Finished
2025_19,2025,19,United States Grand Prix,2025-10-19,americas,tsunoda,TSU,Yuki,Tsunoda,red_bull,Red Bull,13,7,6.0,Finished
2025_19,2025,19,United States Grand Prix,2025-10-19,americas,hulkenberg,HUL,Nico,Hülkenberg,sauber,Sauber,11,8,4.0,Finished
2025_19,2025,19,United States Grand Prix,2025-10-19,americas,bearman,BEA,Oliver,Bearman,haas,Haas F1 Team,8,9,2.0,Finished
2025_19,2025,19,United States Grand Prix,2025-10-19,americas,alonso,ALO,Fernando,Alonso,aston_martin,Aston Martin,10,10,1.0,Finished
2025_19,2025,19,United States Grand Prix,2025-10-19,americas,lawson,LAW,Liam,Lawson,rb,RB F1 Team,12,11,0.0,Finished
2025_19,2025,19,United States Grand Prix,2025-10-19,americas,stroll,STR,Lance,Stroll,aston_martin,Aston Martin,19,12,0.0,Finished
2025_19,2025,19,United States Grand Prix,2025-10-19,americas,antonelli,ANT,Andrea Kimi,Antonelli,mercedes,Mercedes,7,13,0.0,Finished
2025_19,2025,19,United States Grand Prix,2025-10-19,americas,albon,ALB,Alexander,Albon,williams,Williams,18,14,0.0,Finished
2025_19,2025,19,United States Grand Prix,2025-10-19,americas,ocon,OCO,Esteban,Ocon,haas,Haas F1 Team,17,15,0.0,Finished
2025_19,2025,19,United States Grand Prix,2025-10-19,americas,hadjar,HAD,Isack,Hadjar,rb,RB F1 Team,20,16,0.0,Finished
2025_19,2025,19,United States Grand Prix,2025-10-19,americas,colapinto,COL,Franco,Colapinto,alpine,Alpine F1 Team,15,17,0.0,Lapped
2025_19,2025,19,United States Grand Prix,2025-10-19,americas,bortoleto,BOR,Gabriel,Bortoleto,sauber,Sauber,16,18,0.0,Lapped
2025_19,2025,19,United States Grand Prix,2025-10-19,americas,gasly,GAS,Pierre,Gasly,alpine,Alpine F1 Team,14,19,0.0,Lapped
2025_19,2025,19,United States Grand Prix,2025-10-19,americas,sainz,SAI,Carlos,Sainz,williams,Williams,9,20,0.0,Retired
2025_20,2025,20,Mexico City Grand Prix,2025-10-26,rodriguez,norris,NOR,Lando,Norris,mclaren,McLaren,1,1,25.0,Finished
2025_20,2025,20,Mexico City Grand Prix,2025-10-26,rodriguez,leclerc,LEC,Charles,Leclerc,ferrari,Ferrari,2,2,18.0,Finished
2025_20,2025,20,Mexico City Grand Prix,2025-10-26,rodriguez,max_verstappen,VER,Max,Verstappen,red_bull,Red Bull,5,3,15.0,Finished
2025_20,2025,20,Mexico City Grand Prix,2025-10-26,rodriguez,bearman,BEA,Oliver,Bearman,haas,Haas F1 Team,9,4,12.0,Finished
2025_20,2025,20,Mexico City Grand Prix,2025-10-26,rodriguez,piastri,PIA,Oscar,Piastri,mclaren,McLaren,7,5,10.0,Finished
2025_20,2025,20,Mexico City Grand Prix,2025-10-26,rodriguez,antonelli,ANT,Andrea Kimi,Antonelli,mercedes,Mercedes,6,6,8.0,Finished
2025_20,2025,20,Mexico City Grand Prix,2025-10-26,rodriguez,russell,RUS,George,Russell,mercedes,Mercedes,4,7,6.0,Finished
2025_20,2025,20,Mexico City Grand Prix,2025-10-26,rodriguez,hamilton,HAM,Lewis,Hamilton,ferrari,Ferrari,3,8,4.0,Finished
2025_20,2025,20,Mexico City Grand Prix,2025-10-26,rodriguez,ocon,OCO,Esteban,Ocon,haas,Haas F1 Team,11,9,2.0,Finished
2025_20,2025,20,Mexico City Grand Prix,2025-10-26,rodriguez,bortoleto,BOR,Gabriel,Bortoleto,sauber,Sauber,16,10,1.0,Finished
2025_20,2025,20,Mexico City Grand Prix,2025-10-26,rodriguez,tsunoda,TSU,Yuki,Tsunoda,red_bull,Red Bull,10,11,0.0,Finished
2025_20,2025,20,Mexico City Grand Prix,2025-10-26,rodriguez,albon,ALB,Alexander,Albon,williams,Williams,17,12,0.0,Lapped
2025_20,2025,20,Mexico City Grand Prix,2025-10-26,rodriguez,hadjar,HAD,Isack,Hadjar,rb,RB F1 Team,8,13,0.0,Lapped
2025_20,2025,20,Mexico City Grand Prix,2025-10-26,rodriguez,stroll,STR,Lance,Stroll,aston_martin,Aston Martin,19,14,0.0,Lapped
2025_20,2025,20,Mexico City Grand Prix,2025-10-26,rodriguez,gasly,GAS,Pierre,Gasly,alpine,Alpine F1 Team,18,15,0.0,Lapped
2025_20,2025,20,Mexico City Grand Prix,2025-10-26,rodriguez,colapinto,COL,Franco,Colapinto,alpine,Alpine F1 Team,20,16,0.0,Lapped
2025_20,2025,20,Mexico City Grand Prix,2025-10-26,rodriguez,sainz,SAI,Carlos,Sainz,williams,Williams,12,17,0.0,Retired
2025_20,2025,20,Mexico City Grand Prix,2025-10-26,rodriguez,alonso,ALO,Fernando,Alonso,aston_martin,Aston Martin,14,18,0.0,Retired
2025_20,2025,20,Mexico City Grand Prix,2025-10-26,rodriguez,hulkenberg,HUL,Nico,Hülkenberg,sauber,Sauber,13,19,0.0,Retired
2025_20,2025,20,Mexico City Grand Prix,2025-10-26,rodriguez,lawson,LAW,Liam,Lawson,rb,RB F1 Team,15,20,0.0,Retired
2025_21,2025,21,São Paulo Grand Prix,2025-11-09,interlagos,norris,NOR,Lando,Norris,mclaren,McLaren,1,1,25.0,Finished
2025_21,2025,21,São Paulo Grand Prix,2025-11-09,interlagos,antonelli,ANT,Andrea Kimi,Antonelli,mercedes,Mercedes,2,2,18.0,Finished
2025_21,2025,21,São Paulo Grand Prix,2025-11-09,interlagos,max_verstappen,VER,Max,Verstappen,red_bull,Red Bull,19,3,15.0,Finished
2025_21,2025,21,São Paulo Grand Prix,2025-11-09,interlagos,russell,RUS,George,Russell,mercedes,Mercedes,6,4,12.0,Finished
2025_21,2025,21,São Paulo Grand Prix,2025-11-09,interlagos,piastri,PIA,Oscar,Piastri,mclaren,McLaren,4,5,10.0,Finished
2025_21,2025,21,São Paulo Grand Prix,2025-11-09,interlagos,bearman,BEA,Oliver,Bearman,haas,Haas F1 Team,8,6,8.0,Finished
2025_21,2025,21,São Paulo Grand Prix,2025-11-09,interlagos,lawson,LAW,Liam,Lawson,rb,RB F1 Team,7,7,6.0,Finished
2025_21,2025,21,São Paulo Grand Prix,2025-11-09,interlagos,hadjar,HAD,Isack,Hadjar,rb,RB F1 Team,5,8,4.0,Finished
2025_21,2025,21,São Paulo Grand Prix,2025-11-09,interlagos,hulkenberg,HUL,Nico,Hülkenberg,sauber,Sauber,10,9,2.0,Finished
2025_21,2025,21,São Paulo Grand Prix,2025-11-09,interlagos,gasly,GAS,Pierre,Gasly,alpine,Alpine F1 Team,9,10,1.0,Finished
2025_21,2025,21,São Paulo Grand Prix,2025-11-09,interlagos,albon,ALB,Alexander,Albon,williams,Williams,12,11,0.0,Finished
2025_21,2025,21,São Paulo Grand Prix,2025-11-09,interlagos,ocon,OCO,Esteban,Ocon,haas,Haas F1 Team,20,12,0.0,Finished
2025_21,2025,21,São Paulo Grand Prix,2025-11-09,interlagos,sainz,SAI,Carlos,Sainz,williams,Williams,15,13,0.0,Finished
2025_21,2025,21,São Paulo Grand Prix,2025-11-09,interlagos,alonso,ALO,Fernando,Alonso,aston_martin,Aston Martin,11,14,0.0,Finished
2025_21,2025,21,São Paulo Grand Prix,2025-11-09,interlagos,colapinto,COL,Franco,Colapinto,alpine,Alpine F1 Team,16,15,0.0,Finished
2025_21,2025,21,São Paulo Grand Prix,2025-11-09,interlagos,stroll,STR,Lance,Stroll,aston_martin,Aston Martin,14,16,0.0,Finished
2025_21,2025,21,São Paulo Grand Prix,2025-11-09,interlagos,tsunoda,TSU,Yuki,Tsunoda,red_bull,Red Bull,17,17,0.0,Finished
2025_21,2025,21,São Paulo Grand Prix,2025-11-09,interlagos,hamilton,HAM,Lewis,Hamilton,ferrari,Ferrari,13,18,0.0,Retired
2025_21,2025,21,São Paulo Grand Prix,2025-11-09,interlagos,leclerc,LEC,Charles,Leclerc,ferrari,Ferrari,3,19,0.0,Retired
2025_21,2025,21,São Paulo Grand Prix,2025-11-09,interlagos,bortoleto,BOR,Gabriel,Bortoleto,sauber,Sauber,18,20,0.0,Retired
2025_22,2025,22,Las Vegas Grand Prix,2025-11-23,vegas,max_verstappen,VER,Max,Verstappen,red_bull,Red Bull,2,1,25.0,Finished
2025_22,2025,22,Las Vegas Grand Prix,2025-11-23,vegas,russell,RUS,George,Russell,mercedes,Mercedes,4,2,18.0,Finished
2025_22,2025,22,Las Vegas Grand Prix,2025-11-23,vegas,antonelli,ANT,Andrea Kimi,Antonelli,mercedes,Mercedes,17,3,15.0,Finished
2025_22,2025,22,Las Vegas Grand Prix,2025-11-23,vegas,leclerc,LEC,Charles,Leclerc,ferrari,Ferrari,9,4,12.0,Finished
2025_22,2025,22,Las Vegas Grand Prix,2025-11-23,vegas,sainz,SAI,Carlos,Sainz,williams,Williams,3,5,10.0,Finished
2025_22,2025,22,Las Vegas Grand Prix,2025-11-23,vegas,hadjar,HAD,Isack,Hadjar,rb,RB F1 Team,8,6,8.0,Finished
2025_22,2025,22,Las Vegas Grand Prix,2025-11-23,vegas,hulkenberg,HUL,Nico,Hülkenberg,sauber,Sauber,11,7,6.0,Finished
2025_22,2025,22,Las Vegas Grand Prix,2025-11-23,vegas,hamilton,HAM,Lewis,Hamilton,ferrari,Ferrari,19,8,4.0,Finished
2025_22,2025,22,Las Vegas Grand Prix,2025-11-23,vegas,ocon,OCO,Esteban,Ocon,haas,Haas F1 Team,13,9,2.0,Finished
2025_22,2025,22,Las Vegas Grand Prix,2025-11-23,vegas,bearman,BEA,Oliver,Bearman,haas,Haas F1 Team,14,10,1.0,Finished
2025_22,2025,22,Las Vegas Grand Prix,2025-11-23,vegas,alonso,ALO,Fernando,Alonso,aston_martin,Aston Martin,7,11,0.0,Finished
2025_22,2025,22,Las Vegas Grand Prix,2025-11-23,vegas,tsunoda,TSU,Yuki,Tsunoda,red_bull,Red Bull,20,12,0.0,Finished
2025_22,2025,22,Las Vegas Grand Prix,2025-11-23,vegas,gasly,GAS,Pierre,Gasly,alpine,Alpine F1 Team,10,13,0.0,Finished
2025_22,2025,22,Las Vegas Grand Prix,2025-11-23,vegas,lawson,LAW,Liam,Lawson,rb,RB F1 Team,6,14,0.0,Lapped
2025_22,2025,22,Las Vegas Grand Prix,2025-11-23,vegas,colapinto,COL,Franco,Colapinto,alpine,Alpine F1 Team,15,15,0.0,Lapped
2025_22,2025,22,Las Vegas Grand Prix,2025-11-23,vegas,albon,ALB,Alexander,Albon,williams,Williams,16,16,0.0,Retired
2025_22,2025,22,Las Vegas Grand Prix,2025-11-23,vegas,bortoleto,BOR,Gabriel,Bortoleto,sauber,Sauber,18,17,0.0,Retired
2025_22,2025,22,Las Vegas Grand Prix,2025-11-23,vegas,stroll,STR,Lance,Stroll,aston_martin,Aston Martin,12,18,0.0,Retired
2025_22,2025,22,Las Vegas Grand Prix,2025-11-23,vegas,norris,NOR,Lando,Norris,mclaren,McLaren,1,19,0.0,Disqualified
2025_22,2025,22,Las Vegas Grand Prix,2025-11-23,vegas,piastri,PIA,Oscar,Piastri,mclaren,McLaren,5,20,0.0,Disqualified
2025_23,2025,23,Qatar Grand Prix,2025-11-30,losail,max_verstappen,VER,Max,Verstappen,red_bull,Red Bull,3,1,25.0,Finished
2025_23,2025,23,Qatar Grand Prix,2025-11-30,losail,piastri,PIA,Oscar,Piastri,mclaren,McLaren,1,2,18.0,Finished
2025_23,2025,23,Qatar Grand Prix,2025-11-30,losail,sainz,SAI,Carlos,Sainz,williams,Williams,7,3,15.0,Finished
2025_23,2025,23,Qatar Grand Prix,2025-11-30,losail,norris,NOR,Lando,Norris,mclaren,McLaren,2,4,12.0,Finished
2025_23,2025,23,Qatar Grand Prix,2025-11-30,losail,antonelli,ANT,Andrea Kimi,Antonelli,mercedes,Mercedes,5,5,10.0,Finished
2025_23,2025,23,Qatar Grand Prix,2025-11-30,losail,russell,RUS,George,Russell,mercedes,Mercedes,4,6,8.0,Finished
2025_23,2025,23,Qatar Grand Prix,2025-11-30,losail,alonso,ALO,Fernando,Alonso,aston_martin,Aston Martin,8,7,6.0,Finished
2025_23,2025,23,Qatar Grand Prix,2025-11-30,losail,leclerc,LEC,Charles,Leclerc,ferrari,Ferrari,10,8,4.0,Finished
2025_23,2025,23,Qatar Grand Prix,2025-11-30,losail,lawson,LAW,Liam,Lawson,rb,RB F1 Team,12,9,2.0,Finished
2025_23,2025,23,Qatar Grand Prix,2025-11-30,losail,tsunoda,TSU,Yuki,Tsunoda,red_bull,Red Bull,15,10,1.0,Finished
2025_23,2025,23,Qatar Grand Prix,2025-11-30,losail,albon,ALB,Alexander,Albon,williams,Williams,14,11,0.0,Finished
2025_23,2025,23,Qatar Grand Prix,2025-11-30,losail,hamilton,HAM,Lewis,Hamilton,ferrari,Ferrari,17,12,0.0,Finished
2025_23,2025,23,Qatar Grand Prix,2025-11-30,losail,bortoleto,BOR,Gabriel,Bortoleto,sauber,Sauber,19,13,0.0,Finished
2025_23,2025,23,Qatar Grand Prix,2025-11-30,losail,colapinto,COL,Franco,Colapinto,alpine,Alpine F1 Team,20,14,0.0,Lapped
2025_23,2025,23,Qatar Grand Prix,2025-11-30,losail,ocon,OCO,Esteban,Ocon,haas,Haas F1 Team,16,15,0.0,Lapped
2025_23,2025,23,Qatar Grand Prix,2025-11-30,losail,gasly,GAS,Pierre,Gasly,alpine,Alpine F1 Team,9,16,0.0,Lapped
2025_23,2025,23,Qatar Grand Prix,2025-11-30,losail,stroll,STR,Lance,Stroll,aston_martin,Aston Martin,18,17,0.0,Retired
2025_23,2025,23,Qatar Grand Prix,2025-11-30,losail,hadjar,HAD,Isack,Hadjar,rb,RB F1 Team,6,18,0.0,Retired
2025_23,2025,23,Qatar Grand Prix,2025-11-30,losail,bearman,BEA,Oliver,Bearman,haas,Haas F1 Team,13,19,0.0,Retired
2025_23,2025,23,Qatar Grand Prix,2025-11-30,losail,hulkenberg,HUL,Nico,Hülkenberg,sauber,Sauber,11,20,0.0,Retired
2025_24,2025,24,Abu Dhabi Grand Prix,2025-12-07,yas_marina,max_verstappen,VER,Max,Verstappen,red_bull,Red Bull,1,1,25.0,Finished
2025_24,2025,24,Abu Dhabi Grand Prix,2025-12-07,yas_marina,piastri,PIA,Oscar,Piastri,mclaren,McLaren,3,2,18.0,Finished
2025_24,2025,24,Abu Dhabi Grand Prix,2025-12-07,yas_marina,norris,NOR,Lando,Norris,mclaren,McLaren,2,3,15.0,Finished
2025_24,2025,24,Abu Dhabi Grand Prix,2025-12-07,yas_marina,leclerc,LEC,Charles,Leclerc,ferrari,Ferrari,5,4,12.0,Finished
2025_24,2025,24,Abu Dhabi Grand Prix,2025-12-07,yas_marina,russell,RUS,George,Russell,mercedes,Mercedes,4,5,10.0,Finished
2025_24,2025,24,Abu Dhabi Grand Prix,2025-12-07,yas_marina,alonso,ALO,Fernando,Alonso,aston_martin,Aston Martin,6,6,8.0,Finished
2025_24,2025,24,Abu Dhabi Grand Prix,2025-12-07,yas_marina,ocon,OCO,Esteban,Ocon,haas,Haas F1 Team,8,7,6.0,Finished
2025_24,2025,24,Abu Dhabi Grand Prix,2025-12-07,yas_marina,hamilton,HAM,Lewis,Hamilton,ferrari,Ferrari,16,8,4.0,Finished
2025_24,2025,24,Abu Dhabi Grand Prix,2025-12-07,yas_marina,hulkenberg,HUL,Nico,Hülkenberg,sauber,Sauber,18,9,2.0,Finished
2025_24,2025,24,Abu Dhabi Grand Prix,2025-12-07,yas_marina,stroll,STR,Lance,Stroll,aston_martin,Aston Martin,15,10,1.0,Finished
2025_24,2025,24,Abu Dhabi Grand Prix,2025-12-07,yas_marina,bortoleto,BOR,Gabriel,Bortoleto,sauber,Sauber,7,11,0.0,Finished
2025_24,2025,24,Abu Dhabi Grand Prix,2025-12-07,yas_marina,bearman,BEA,Oliver,Bearman,haas,Haas F1 Team,11,12,0.0,Finished
2025_24,2025,24,Abu Dhabi Grand Prix,2025-12-07,yas_marina,sainz,SAI,Carlos,Sainz,williams,Williams,12,13,0.0,Finished
2025_24,2025,24,Abu Dhabi Grand Prix,2025-12-07,yas_marina,tsunoda,TSU,Yuki,Tsunoda,red_bull,Red Bull,10,14,0.0,Finished
2025_24,2025,24,Abu Dhabi Grand Prix,2025-12-07,yas_marina,antonelli,ANT,Andrea Kimi,Antonelli,mercedes,Mercedes,14,15,0.0,Finished
2025_24,2025,24,Abu Dhabi Grand Prix,2025-12-07,yas_marina,albon,ALB,Alexander,Albon,williams,Williams,17,16,0.0,Finished
2025_24,2025,24,Abu Dhabi Grand Prix,2025-12-07,yas_marina,hadjar,HAD,Isack,Hadjar,rb,RB F1 Team,9,17,0.0,Lapped
2025_24,2025,24,Abu Dhabi Grand Prix,2025-12-07,yas_marina,lawson,LAW,Liam,Lawson,rb,RB F1 Team,13,18,0.0,Lapped
2025_24,2025,24,Abu Dhabi Grand Prix,2025-12-07,yas_marina,gasly,GAS,Pierre,Gasly,alpine,Alpine F1 Team,19,19,0.0,Lapped
2025_24,2025,24,Abu Dhabi Grand Prix,2025-12-07,yas_marina,colapinto,COL,Franco,Colapinto,alpine,Alpine F1 Team,20,20,0.0,Lapped
